02:20:54 +0x184: 0 -> 1
02:20:54 +0x188: 0 -> 122335
02:20:54 +0x824: 0 -> 1134158640
02:20:54 +0x8A4: 0 -> 1124183902
02:20:54 +0xB50: 0 -> 1
02:20:54 +0x444C4: 0 -> 1
02:20:56 +0x824: 1134158640 -> 1142509621
02:20:56 +0x8A4: 1124183902 -> 1127554538
02:20:58 +0x824: 1142509621 -> 1150781973
02:20:58 +0x8A4: 1127554538 -> 1132882266
02:21:00 +0x824: 1150781973 -> 1134769124
02:21:00 +0x8A4: 1132882266 -> 1136580827
02:21:02 +0x884: 1073436785 -> 1083579374
02:21:02 +0x890: 4125 -> 4115
02:21:02 +0x8A4: 1136580827 -> 1137423292
02:21:02 +0x444C4: 1 -> 3
02:21:04 +0x8A4: 1137423292 -> 1137451374
02:21:06 +0x824: 1134769124 -> 1145069681
02:21:06 +0x8A4: 1137451374 -> 1142057158
02:21:08 +0x824: 1145069681 -> 1149774779
02:21:08 +0x8A4: 1142057158 -> 1143423785
02:21:08 +0xEBC: 5 -> 6
02:21:08 +0x352C4: 22 -> 23
02:21:08 +0x444C8: 0 -> 1
02:21:10 +0x824: 1149774779 -> 1152748955
02:21:10 +0x8A4: 1143423785 -> 1146329154
02:21:12 +0x820: 220070 -> 220090
02:21:12 +0x824: 1152748955 -> 1144976980
02:21:12 +0x860: 213038 -> 213054
02:21:12 +0x8A0: 208448 -> 208468
02:21:12 +0x8A4: 1146329154 -> 1147560423
02:21:12 +0xE9C: 110 -> 111
02:21:12 +0x2518: 34 -> 37
02:21:12 +0x352C4: 23 -> 24
02:21:12 +0x3563C: 45222 -> 45336
02:21:12 +0x444C8: 1 -> 2
02:21:14 +0x804: 1061495353 -> 0
02:21:14 +0x820: 220090 -> 220130
02:21:14 +0x824: 1144976980 -> 0
02:21:14 +0x860: 213054 -> 213086
02:21:14 +0x884: 1083579374 -> 0
02:21:14 +0x8A0: 208468 -> 208508
02:21:14 +0x8A4: 1147560423 -> 0
02:21:14 +0xE9C: 111 -> 112
02:21:14 +0x2518: 37 -> 43
02:21:14 +0x109C4: -1 -> 66249446
02:21:14 +0x352C4: 24 -> 25
02:21:14 +0x3563C: 45336 -> 45564
02:21:14 +0x444C8: 2 -> 3
02:21:16 +0x804: 0 -> 1061495353
02:21:16 +0x884: 0 -> 1083579374
02:21:24 +0x184: 1 -> 0
02:21:24 +0x188: 122335 -> 0
02:21:24 +0xB50: 1 -> 0
02:21:43 +0x890: 4115 -> 4125
02:21:43 +0x9D0: 1 -> 0
02:21:43 +0x35660: 1791303988 -> 1791400901
02:21:43 +0x3566C: 53 -> 58
02:21:51 +0x34EB4: 0 -> 196608
02:21:51 +0x3563C: 45564 -> 45264
02:21:51 +0x35660: 1791400901 -> 1791400910
02:21:51 +0x3566C: 58 -> 61
02:22:03 +0x2550: 2304 -> 67841
02:22:03 +0x2554: 0 -> 10002
02:22:03 +0x2560: 0 -> 1791400922
02:22:03 +0x2568: 0 -> 43
02:22:03 +0x34F44: 0 -> 65536
02:22:03 +0x3563C: 45264 -> 44964
02:22:03 +0x45C24: 0 -> 2
02:22:33 +0x160: 9 -> 10
02:22:33 +0x9D0: 0 -> 1
02:22:33 +0x109C8: -1 -> 100910228
02:22:33 +0x432C0: 1073741824 -> 1610612736
02:23:45 +0x35648: 1791302568 -> 1791401023
02:23:45 +0x357E0: 1791115036 -> 1791401023
02:23:45 +0x357EC: 3 -> 4
02:23:45 +0x431E0: 0 -> 1610612736
02:30:01 +0x42F50: 278528 -> 835584
02:30:01 +0x43338: 2 -> 30
02:30:01 +0x4333C: 524288 -> 7864320
02:30:01 +0x43344: 33554432 -> 33554464
02:30:01 +0x43348: 0 -> 8388608
02:30:03 +0x3563C: 44964 -> 45464
02:30:27 +0x42FDC: 23 -> 134217751
02:30:27 +0x430D8: 811589630 -> 1885339646
02:32:27 +0x160: 10 -> 11
02:32:27 +0x184: 0 -> 1
02:32:27 +0x188: 0 -> 163965
02:32:27 +0xB50: 0 -> 1
02:32:27 +0x109CC: -1 -> 67193071
02:32:27 +0x432C4: 0 -> 4
02:32:27 +0x43750: 22954738 -> 8161802
02:32:29 +0x184: 1 -> 0
02:32:29 +0x188: 163965 -> 0
02:32:29 +0xB50: 1 -> 0
02:33:44 +0x109D0: -1 -> 123208161
02:33:48 +0x42F50: 835584 -> 262144
02:34:10 +0x43338: 30 -> 28
02:34:12 +0x43338: 28 -> 0
02:34:40 +0x7FC: 33686272 -> 33686784
02:35:34 +0x184: 0 -> 1
02:35:34 +0x188: 0 -> 175167
02:35:34 +0x824: 0 -> 1137226907
02:35:34 +0x8A4: 0 -> 1130361063
02:35:34 +0xB50: 0 -> 1
02:35:34 +0x4417C: 0 -> 1
02:35:36 +0x824: 1137226907 -> 1143656601
02:35:36 +0x8A4: 1130361063 -> 1133054822
02:35:38 +0x824: 1143656601 -> 1150775458
02:35:38 +0x8A4: 1133054822 -> 1134927070
02:35:40 +0x824: 1150775458 -> 1132406576
02:35:40 +0x8A4: 1134927070 -> 1140355740
02:35:40 +0x4417C: 1 -> 3
02:35:50 +0x824: 1132406576 -> 1133228669
02:35:50 +0x8A4: 1140355740 -> 1141405973
02:35:52 +0x824: 1133228669 -> 1142044185
02:35:52 +0x8A4: 1141405973 -> 1142271346
02:35:54 +0x824: 1142044185 -> 1150431306
02:35:54 +0x8A4: 1142271346 -> 1143624956
02:35:56 +0x824: 1150431306 -> 1151632715
02:35:56 +0x8A4: 1143624956 -> 1145703297
02:35:58 +0x824: 1151632715 -> 1151870685
02:35:58 +0x8A4: 1145703297 -> 1145871570
02:36:00 +0x824: 1151870685 -> 1151882664
02:36:00 +0x8A4: 1145871570 -> 1145880040
02:36:02 +0x818: 76 -> 55
02:36:02 +0x824: 1151882664 -> 1135458324
02:36:02 +0x8A4: 1145880040 -> 1146277766
02:36:04 +0x8A4: 1146277766 -> 1146557266
02:36:06 +0x8A4: 1146557266 -> 1146565736
02:36:08 +0x184: 1 -> 0
02:36:08 +0x188: 175167 -> 0
02:36:08 +0x804: 1061495353 -> 0
02:36:08 +0x824: 1135458324 -> 0
02:36:08 +0x884: 1083579374 -> 0
02:36:08 +0x8A4: 1146565736 -> 0
02:36:08 +0xB50: 1 -> 0
02:36:08 +0x109D4: -1 -> 26556962
02:36:10 +0x804: 0 -> 1061495353
02:36:10 +0x884: 0 -> 1083579374
02:36:51 +0x109D8: -1 -> 136488140
02:37:01 +0x109DC: -1 -> 118661913
02:37:11 +0x184: 0 -> 1
02:37:11 +0x188: 0 -> 180907
02:37:11 +0x818: 55 -> 56
02:37:11 +0x824: 0 -> 1134291008
02:37:11 +0x8A4: 0 -> 1132717352
02:37:11 +0xB50: 0 -> 1
02:37:13 +0x824: 1134291008 -> 1142555848
02:37:13 +0x8A4: 1132717352 -> 1134388514
02:37:15 +0x824: 1142555848 -> 1145326759
02:37:15 +0x8A4: 1134388514 -> 1136045779
02:37:17 +0x804: 1061495353 -> 1086459313
02:37:17 +0x810: 4675 -> 4620
02:37:17 +0x824: 1145326759 -> 1148961385
02:37:17 +0x884: 1083579374 -> 1090595300
02:37:17 +0x890: 4125 -> 4094
02:37:17 +0x8A4: 1136045779 -> 1138373340
02:37:19 +0x8A4: 1138373340 -> 1138390140
02:37:21 +0x8A4: 1138390140 -> 1139477372
02:37:23 +0x804: 1086459313 -> 1101873941
02:37:23 +0x810: 4620 -> 4458
02:37:23 +0x818: 56 -> 35
02:37:23 +0x824: 1148961385 -> 1090780864
02:37:23 +0x8A4: 1139477372 -> 1141013528
02:37:25 +0x804: 1101873941 -> 1103135597
02:37:25 +0x810: 4458 -> 4433
02:37:25 +0x8A4: 1141013528 -> 1141758734
02:37:27 +0x824: 1090780864 -> 1116321000
02:37:27 +0x8A4: 1141758734 -> 1143427475
02:37:29 +0x824: 1116321000 -> 1140034865
02:37:29 +0x8A4: 1143427475 -> 1145690567
02:37:31 +0x824: 1140034865 -> 1148173757
02:37:31 +0x8A4: 1145690567 -> 1148314666
02:37:33 +0x824: 1148173757 -> 1149377034
02:37:33 +0x8A4: 1148314666 -> 1148788784
02:37:35 +0x824: 1149377034 -> 1149389013
02:37:35 +0x8A4: 1148788784 -> 1148797254
02:37:37 +0x818: 35 -> 14
02:37:37 +0x824: 1149389013 -> 1110138944
02:37:37 +0x8A4: 1148797254 -> 1149269233
02:37:39 +0x804: 1103135597 -> 1107021496
02:37:39 +0x810: 4433 -> 4356
02:37:39 +0x818: 14 -> 15
02:37:39 +0x8A4: 1149269233 -> 1150011969
02:37:39 +0x43340: 131072 -> 393216
02:37:39 +0x4417C: 3 -> 16387
02:37:41 +0x804: 1107021496 -> 0
02:37:41 +0x820: 220130 -> 220150
02:37:41 +0x824: 1110138944 -> 0
02:37:41 +0x860: 213086 -> 213102
02:37:41 +0x884: 1090595300 -> 0
02:37:41 +0x8A0: 208508 -> 208528
02:37:41 +0x8A4: 1150011969 -> 0
02:37:41 +0xE9C: 112 -> 113
02:37:41 +0x2518: 43 -> 51
02:37:41 +0x109E0: -1 -> 104698530
02:37:41 +0x352C4: 25 -> 26
02:37:41 +0x3563C: 45464 -> 45730
02:37:41 +0x44180: 0 -> 1
02:37:43 +0x804: 0 -> 1107021496
02:37:43 +0x884: 0 -> 1090595300
02:37:49 +0x7FC: 33686784 -> 33686272
02:37:51 +0x184: 1 -> 0
02:37:51 +0x188: 180907 -> 0
02:37:51 +0xB50: 1 -> 0
02:38:07 +0x160: 11 -> 12
02:38:07 +0x184: 0 -> 1
02:38:07 +0x188: 0 -> 184236
02:38:07 +0x810: 4356 -> 4675
02:38:07 +0x818: 15 -> 76
02:38:07 +0x890: 4094 -> 4125
02:38:07 +0xB50: 0 -> 1
02:38:07 +0x109E4: -1 -> 167986966
02:38:07 +0x357F8: 1791115036 -> 1791401885
02:38:07 +0x35804: 3 -> 4
02:38:07 +0x432C0: 1610612736 -> -536870912
02:38:15 +0x160: 12 -> 13
02:38:15 +0x188: 184236 -> 184801
02:38:17 +0x184: 1 -> 0
02:38:17 +0x188: 184801 -> 0
02:38:17 +0xB50: 1 -> 0
02:39:39 +0x42F50: 262144 -> 294912
02:39:39 +0x43344: 33554464 -> 33554528
02:39:39 +0x43348: 8388608 -> 25165824
02:39:53 +0x2570: 2304 -> 67841
02:39:53 +0x2574: 0 -> 10007
02:39:53 +0x2580: 0 -> 1791401993
02:39:53 +0x2588: 0 -> 44
02:39:53 +0x34E20: 0 -> 1
02:39:53 +0x3563C: 45730 -> 45630
02:40:21 +0x2590: 2304 -> 67841
02:40:21 +0x2594: 0 -> 10007
02:40:21 +0x25A0: 0 -> 1791402021
02:40:21 +0x25A8: 0 -> 45
02:40:21 +0x34E48: 0 -> 65536
02:40:21 +0x3563C: 45630 -> 43630
02:40:23 +0x25B0: 2304 -> 67841
02:40:23 +0x25B4: 0 -> 10007
02:40:23 +0x25C0: 0 -> 1791402022
02:40:23 +0x25C8: 0 -> 46
02:40:23 +0x34E70: 0 -> 65536
02:40:23 +0x3563C: 43630 -> 38630
02:41:36 +0x109E8: -1 -> 29610217
02:43:04 +0x109EC: -1 -> 143910992
02:45:31 +0x160: 13 -> 14
02:48:36 +0x7FC: 33686272 -> 33686528
02:51:34 +0x184: 0 -> 1
02:51:34 +0x188: 0 -> 232688
02:51:34 +0xB50: 0 -> 1
02:51:45 +0x824: 0 -> 1141152424
02:51:45 +0x8A4: 0 -> 1138166967
02:51:45 +0x4382C: 0 -> 1
02:51:47 +0x804: 1107021496 -> 1107122428
02:51:47 +0x810: 4675 -> 4673
02:51:47 +0x824: 1141152424 -> 1147180275
02:51:47 +0x8A4: 1138166967 -> 1139559860
02:51:47 +0xE9C: 113 -> 114
02:51:47 +0x43AE8: 46 -> 47
02:51:49 +0x804: 1107122428 -> 1107273826
02:51:49 +0x810: 4673 -> 4670
02:51:49 +0x824: 1147180275 -> 1148312213
02:51:49 +0x8A4: 1139559860 -> 1141373111
02:51:49 +0x35738: 1791400123 -> 1791402708
02:51:49 +0x35744: 75 -> 76
02:51:51 +0x820: 220150 -> 220172
02:51:51 +0x824: 1148312213 -> 1116257424
02:51:51 +0x860: 213102 -> 213120
02:51:51 +0x8A0: 208528 -> 208550
02:51:51 +0x8A4: 1141373111 -> 1143679956
02:51:51 +0x2518: 51 -> 53
02:51:51 +0x3563C: 38630 -> 38640
02:51:53 +0x8A4: 1143679956 -> 1144009943
02:51:53 +0x43B6C: 13 -> 15
02:51:57 +0x8A4: 1144009943 -> 1144129300
02:51:59 +0x804: 1107273826 -> 1107335507
02:51:59 +0x810: 4670 -> 4668
02:51:59 +0x824: 1116257424 -> 1135012097
02:51:59 +0x8A4: 1144129300 -> 1145339304
02:52:01 +0x804: 1107335507 -> 1107360740
02:52:01 +0x810: 4668 -> 4667
02:52:01 +0x824: 1135012097 -> 1139302483
02:52:01 +0x884: 1090595300 -> 1092196761
02:52:01 +0x890: 4125 -> 4118
02:52:01 +0x8A4: 1145339304 -> 1146013479
02:52:03 +0x824: 1139302483 -> 1148128687
02:52:03 +0x8A4: 1146013479 -> 1146920799
02:52:03 +0xE9C: 114 -> 115
02:52:03 +0x43830: 0 -> 1
02:52:05 +0x824: 1148128687 -> 1151294402
02:52:05 +0x8A4: 1146920799 -> 1147559756
02:52:05 +0xE9C: 115 -> 116
02:52:05 +0x43B70: 8 -> 9
02:52:07 +0x804: 1107360740 -> 0
02:52:07 +0x820: 220172 -> 220268
02:52:07 +0x824: 1151294402 -> 0
02:52:07 +0x860: 213120 -> 213197
02:52:07 +0x884: 1092196761 -> 0
02:52:07 +0x8A0: 208550 -> 208646
02:52:07 +0x8A4: 1147559756 -> 0
02:52:07 +0xE9C: 116 -> 117
02:52:07 +0x2518: 53 -> 61
02:52:07 +0x3563C: 38640 -> 38700
02:52:07 +0x35660: 1791400910 -> 1791402725
02:52:07 +0x3566C: 61 -> 62
02:52:07 +0x35738: 1791402708 -> 1791402725
02:52:07 +0x35744: 76 -> 77
02:52:07 +0x4382C: 1 -> 9
02:52:07 +0x43AE8: 47 -> 48
02:52:09 +0x804: 0 -> 1107360740
02:52:09 +0x884: 0 -> 1092196761
02:52:11 +0x184: 1 -> 0
02:52:11 +0x188: 232688 -> 0
02:52:11 +0xB50: 1 -> 0
02:52:49 +0x7FC: 33686528 -> 33686272
--- sesi baru 2026-10-08 03:11:45 base 0x2B66D8B00A0 (materia 0x2B66D8B20A0)
03:13:15 +0x184: 0 -> 1
03:13:15 +0x188: 0 -> 12283
03:13:15 +0xB50: 0 -> 1
03:13:21 +0x824: 0 -> 1143531257
03:13:21 +0x8A4: 0 -> 1137668116
03:13:21 +0x4382C: 0 -> 1
03:13:23 +0x824: 1143531257 -> 1151194510
03:13:23 +0x8A4: 1137668116 -> 1139104441
03:13:23 +0xE9C: 113 -> 114
03:13:23 +0x43830: 0 -> 1
03:13:25 +0x824: 1151194510 -> 1141428054
03:13:25 +0x8A4: 1139104441 -> 1142268451
03:13:25 +0xE9C: 114 -> 115
03:13:25 +0xEBC: 6 -> 7
03:13:25 +0x43AE8: 46 -> 48
03:13:27 +0x8A4: 1142268451 -> 1142577375
03:13:27 +0x35660: 1791400910 -> 1791404006
03:13:27 +0x3566C: 61 -> 62
03:13:27 +0x35738: 1791400123 -> 1791404006
03:13:27 +0x35744: 75 -> 76
03:13:27 +0x4382C: 1 -> 9
03:13:27 +0x43B6C: 13 -> 15
03:13:29 +0x824: 1141428054 -> 1145652021
03:13:29 +0x8A4: 1142577375 -> 1144176403
03:13:29 +0x35738: 1791404006 -> 1791404008
03:13:29 +0x35744: 76 -> 77
03:13:31 +0x820: 220150 -> 220268
03:13:31 +0x824: 1145652021 -> 0
03:13:31 +0x860: 213102 -> 213197
03:13:31 +0x8A0: 208528 -> 208646
03:13:31 +0x8A4: 1144176403 -> 0
03:13:31 +0xE9C: 115 -> 116
03:13:31 +0x2518: 51 -> 61
03:13:31 +0x3563C: 38630 -> 38700
03:13:31 +0x43B70: 8 -> 9
03:13:38 +0x184: 1 -> 0
03:13:38 +0x188: 12283 -> 0
03:13:38 +0xB50: 1 -> 0
03:14:38 +0x7FC: 33686528 -> 33686272
03:15:32 +0x109F0: -1 -> 83873628
03:16:06 +0x7FC: 33686272 -> 33686016
03:16:28 +0x7FC: 33686016 -> 33685760
03:16:48 +0x34ED0: 0 -> 1
03:16:48 +0x3563C: 38700 -> 38650
03:16:48 +0x35930: 0 -> 1791404208
03:16:48 +0x35938: -1 -> 258
03:16:48 +0x3593C: 0 -> 1
03:16:48 +0x35940: 0 -> 10
03:19:25 +0x7FC: 33685760 -> 33686016
03:19:51 +0x7FC: 33686016 -> 33686272
03:22:12 +0x109F4: -1 -> 199427524
03:23:20 +0xC0: 0 -> 1960190048
03:23:20 +0xC4: 0 -> 695
03:23:20 +0xC8: 0 -> 13
03:23:20 +0xCC: 0 -> 16
03:23:20 +0x160: 5 -> 6
03:23:20 +0x184: 0 -> 1
03:23:20 +0x188: 0 -> 48814
03:23:20 +0xB50: 0 -> 1
03:23:20 +0x109F8: -1 -> 171907506
03:23:20 +0x356D8: 1791114661 -> 1791404600
03:23:20 +0x356E4: 50 -> 51
03:23:20 +0x432C4: 4 -> 6
03:23:20 +0x43750: 8161802 -> 172673612
03:23:22 +0x184: 1 -> 0
03:23:22 +0x188: 48814 -> 0
03:23:22 +0xB50: 1 -> 0
03:25:23 +0x7FC: 33686272 -> 33686016
03:25:29 +0x184: 0 -> 1
03:25:29 +0x188: 0 -> 56488
03:25:29 +0xB50: 0 -> 1
03:25:35 +0x109FC: -1 -> 124836236
03:25:37 +0x184: 1 -> 0
03:25:37 +0x188: 56488 -> 0
03:25:37 +0xB50: 1 -> 0
03:26:15 +0x7FC: 33686016 -> 33687040
03:26:31 +0x184: 0 -> 1
03:26:31 +0x188: 0 -> 60236
03:26:31 +0x824: 0 -> 1136737525
03:26:31 +0x8A4: 0 -> 1135005324
03:26:31 +0xB50: 0 -> 1
03:26:33 +0x824: 1136737525 -> 1141812969
03:26:33 +0x8A4: 1135005324 -> 1135286324
03:26:35 +0x824: 1141812969 -> 1148534490
03:26:35 +0x8A4: 1135286324 -> 1136887844
03:26:35 +0xE9C: 116 -> 117
03:26:35 +0x352C4: 26 -> 27
03:26:35 +0x45100: 12 -> 13
03:26:37 +0x824: 1148534490 -> 1112033184
03:26:37 +0x8A4: 1136887844 -> 1138572778
03:26:37 +0x356C0: 1791400505 -> 1791404796
03:26:37 +0x356CC: 64 -> 65
03:26:39 +0x8A4: 1138572778 -> 1139024501
03:26:43 +0x820: 220268 -> 220297
03:26:43 +0x824: 1112033184 -> 1125877031
03:26:43 +0x860: 213197 -> 213221
03:26:43 +0x8A0: 208646 -> 208675
03:26:43 +0x8A4: 1139024501 -> 1140414566
03:26:43 +0x2518: 61 -> 64
03:26:43 +0x3563C: 38650 -> 38679
03:26:45 +0x824: 1125877031 -> 1137377813
03:26:45 +0x8A4: 1140414566 -> 1141203153
03:26:47 +0x824: 1137377813 -> 1144335013
03:26:47 +0x8A4: 1141203153 -> 1141942530
03:26:47 +0xE9C: 117 -> 118
03:26:47 +0x352C4: 27 -> 28
03:26:47 +0x356C0: 1791404796 -> 1791404807
03:26:47 +0x356CC: 65 -> 66
03:26:47 +0x45100: 13 -> 14
03:26:49 +0x820: 220297 -> 220326
03:26:49 +0x824: 1144335013 -> 1146737903
03:26:49 +0x860: 213221 -> 213245
03:26:49 +0x8A0: 208675 -> 208704
03:26:49 +0x8A4: 1141942530 -> 1142792073
03:26:49 +0x2518: 64 -> 67
03:26:49 +0x3563C: 38679 -> 38708
03:26:51 +0x824: 1146737903 -> 1149120933
03:26:51 +0x8A4: 1142792073 -> 1143634594
03:26:53 +0x824: 1149120933 -> 1149968665
03:26:53 +0x8A4: 1143634594 -> 1144192193
03:26:55 +0x824: 1149968665 -> 1149980644
03:26:55 +0x8A4: 1144192193 -> 1144200663
03:26:57 +0x818: 76 -> 66
03:26:57 +0x824: 1149980644 -> 1122438192
03:26:57 +0x8A4: 1144200663 -> 1144438446
03:26:59 +0x824: 1122438192 -> 1123232726
03:26:59 +0x8A4: 1144438446 -> 1145172692
03:26:59 +0x450FC: 11 -> 16395
03:27:01 +0x824: 1123232726 -> 1132863350
03:27:01 +0x8A4: 1145172692 -> 1145923939
03:27:03 +0x824: 1132863350 -> 1137669123
03:27:03 +0x8A4: 1145923939 -> 1146773480
03:27:05 +0x824: 1137669123 -> 1140947887
03:27:05 +0x8A4: 1146773480 -> 1147616003
03:27:07 +0x820: 220326 -> 220384
03:27:07 +0x824: 1140947887 -> 0
03:27:07 +0x860: 213245 -> 213292
03:27:07 +0x8A0: 208704 -> 208762
03:27:07 +0x8A4: 1147616003 -> 0
03:27:07 +0xE9C: 118 -> 120
03:27:07 +0x2518: 67 -> 73
03:27:07 +0x352C4: 28 -> 30
03:27:07 +0x3563C: 38708 -> 38766
03:27:07 +0x356C0: 1791404807 -> 1791404826
03:27:07 +0x356CC: 66 -> 68
03:27:07 +0x45100: 14 -> 16
03:27:15 +0x184: 1 -> 0
03:27:15 +0x188: 60236 -> 0
03:27:15 +0xB50: 1 -> 0
03:27:29 +0x184: 0 -> 1
03:27:29 +0x188: 0 -> 63679
03:27:29 +0x824: 0 -> 1137302868
03:27:29 +0x8A4: 0 -> 1138839459
03:27:29 +0xB50: 0 -> 1
03:27:31 +0x824: 1137302868 -> 1149419335
03:27:31 +0x8A4: 1138839459 -> 1140440979
03:27:31 +0xE9C: 120 -> 121
03:27:31 +0x352C4: 30 -> 31
03:27:31 +0x44DF0: 7 -> 8
03:27:33 +0x818: 66 -> 67
03:27:33 +0x824: 1149419335 -> 1152039604
03:27:33 +0x884: 0 -> 1046440718
03:27:33 +0x890: 4125 -> 4123
03:27:33 +0x8A4: 1140440979 -> 1140553308
03:27:33 +0xE9C: 121 -> 122
03:27:33 +0x352C4: 31 -> 32
03:27:33 +0x45100: 16 -> 17
03:27:35 +0x820: 220384 -> 220461
03:27:35 +0x824: 1152039604 -> 0
03:27:35 +0x860: 213292 -> 213354
03:27:35 +0x884: 1046440718 -> 0
03:27:35 +0x890: 4123 -> 4122
03:27:35 +0x8A0: 208762 -> 208839
03:27:35 +0x8A4: 1140553308 -> 0
03:27:35 +0xE9C: 122 -> 123
03:27:35 +0x2518: 73 -> 80
03:27:35 +0x352C4: 32 -> 33
03:27:35 +0x3563C: 38766 -> 38832
03:27:35 +0x35690: 1791400111 -> 1791404854
03:27:35 +0x3569C: 82 -> 83
03:27:35 +0x356C0: 1791404826 -> 1791404855
03:27:35 +0x356CC: 68 -> 70
03:27:35 +0x45100: 17 -> 18
03:27:39 +0x884: 0 -> 1051168842
03:27:51 +0x188: 63679 -> 65058
03:28:03 +0x184: 1 -> 0
03:28:03 +0x188: 65058 -> 0
03:28:03 +0xB50: 1 -> 0
03:28:16 +0x184: 0 -> 1
03:28:16 +0x188: 0 -> 66453
03:28:16 +0x824: 0 -> 1130197046
03:28:16 +0x8A4: 0 -> 1138149083
03:28:16 +0xB50: 0 -> 1
03:28:18 +0x824: 1130197046 -> 1141114446
03:28:18 +0x8A4: 1138149083 -> 1139848050
03:28:20 +0x804: 0 -> 1044718137
03:28:20 +0x810: 4675 -> 4673
03:28:20 +0x824: 1141114446 -> 1149586222
03:28:20 +0x8A4: 1139848050 -> 1141150154
03:28:22 +0x824: 1149586222 -> 1154202069
03:28:22 +0x8A4: 1141150154 -> 1141951741
03:28:22 +0xE9C: 123 -> 124
03:28:22 +0x352C4: 33 -> 34
03:28:22 +0x45100: 18 -> 19
03:28:24 +0x804: 1044718137 -> 0
03:28:24 +0x820: 220461 -> 220548
03:28:24 +0x824: 1154202069 -> 0
03:28:24 +0x860: 213354 -> 213424
03:28:24 +0x884: 1051168842 -> 0
03:28:24 +0x8A0: 208839 -> 208926
03:28:24 +0x8A4: 1141951741 -> 0
03:28:24 +0xE9C: 124 -> 126
03:28:24 +0x2518: 80 -> 89
03:28:24 +0x352C4: 34 -> 36
03:28:24 +0x3563C: 38832 -> 38919
03:28:24 +0x356C0: 1791404855 -> 1791404902
03:28:24 +0x356CC: 70 -> 73
03:28:24 +0x45100: 19 -> 21
03:28:26 +0x804: 0 -> 1044718137
03:28:26 +0x884: 0 -> 1051168842
03:28:26 +0x35810: 1791115881 -> 1791404905
03:28:26 +0x3581C: 1 -> 2
03:28:34 +0x184: 1 -> 0
03:28:34 +0x188: 66453 -> 0
03:28:34 +0xB50: 1 -> 0
03:28:34 +0x35948: 0 -> 1791404913
03:28:34 +0x35950: -1 -> 123
03:28:34 +0x35954: 0 -> 1
03:28:34 +0x35958: 0 -> 2
03:29:00 +0x184: 0 -> 1
03:29:00 +0x188: 0 -> 69146
03:29:00 +0x824: 0 -> 1136805723
03:29:00 +0x8A4: 0 -> 1136674897
03:29:00 +0xB50: 0 -> 1
03:29:00 +0x44ABC: 0 -> 1
03:29:02 +0x824: 1136805723 -> 1146303414
03:29:02 +0x8A4: 1136674897 -> 1138137419
03:29:04 +0x824: 1146303414 -> 1148706369
03:29:04 +0x8A4: 1138137419 -> 1139836428
03:29:06 +0x824: 1148706369 -> 1101935072
03:29:06 +0x884: 1051168842 -> 1097916267
03:29:06 +0x890: 4122 -> 4017
03:29:06 +0x8A4: 1139836428 -> 1141038603
03:29:06 +0x44ABC: 1 -> 3
03:29:10 +0x804: 1044718137 -> 1092021812
03:29:10 +0x810: 4673 -> 4577
03:29:10 +0x824: 1101935072 -> 1107475283
03:29:12 +0x804: 1092021812 -> 1100006690
03:29:12 +0x810: 4577 -> 4487
03:29:12 +0x8A4: 1141038603 -> 1141347527
03:29:14 +0x818: 67 -> 68
03:29:14 +0x824: 1107475283 -> 1125770225
03:29:14 +0x8A4: 1141347527 -> 1142197069
03:29:16 +0x824: 1125770225 -> 1142478469
03:29:16 +0x8A4: 1142197069 -> 1142935396
03:29:18 +0x824: 1142478469 -> 1148426856
03:29:18 +0x8A4: 1142935396 -> 1143764084
03:29:20 +0x804: 1100006690 -> 1101419744
03:29:20 +0x810: 4487 -> 4459
03:29:20 +0x824: 1148426856 -> 1152570638
03:29:20 +0x884: 1097916267 -> 1098831388
03:29:20 +0x890: 4017 -> 4009
03:29:20 +0x8A4: 1143764084 -> 1145003293
03:29:22 +0x804: 1101419744 -> 1102832798
03:29:22 +0x810: 4459 -> 4431
03:29:22 +0x824: 1152570638 -> 1154679742
03:29:22 +0x884: 1098831388 -> 1100299395
03:29:22 +0x890: 4009 -> 3984
03:29:22 +0x8A4: 1145003293 -> 1147533925
03:29:24 +0x804: 1102832798 -> 0
03:29:24 +0x810: 4431 -> 4421
03:29:24 +0x820: 220548 -> 220621
03:29:24 +0x824: 1154679742 -> 0
03:29:24 +0x860: 213424 -> 213483
03:29:24 +0x884: 1100299395 -> 0
03:29:24 +0x8A0: 208926 -> 208999
03:29:24 +0x8A4: 1147533925 -> 0
03:29:24 +0xE9C: 126 -> 127
03:29:24 +0x2518: 89 -> 94
03:29:24 +0x10A00: -1 -> 154051463
03:29:24 +0x352C4: 36 -> 37
03:29:24 +0x3563C: 38919 -> 38995
03:29:24 +0x356A8: 1791116461 -> 1791404962
03:29:24 +0x356B4: 54 -> 55
03:29:24 +0x35918: 1791400669 -> 1791404962
03:29:24 +0x35924: 3 -> 4
03:29:24 +0x44ABC: 3 -> 15
03:29:24 +0x44AC0: 0 -> 1
03:29:26 +0x804: 0 -> 1103337460
03:29:26 +0x884: 0 -> 1100299395
03:29:30 +0x7FC: 33687040 -> 33686016
03:29:32 +0x184: 1 -> 0
03:29:32 +0x188: 69146 -> 0
03:29:32 +0xB50: 1 -> 0
03:29:52 +0x160: 6 -> 7
03:29:52 +0x184: 0 -> 1
03:29:52 +0x188: 0 -> 72301
03:29:52 +0x810: 4421 -> 4675
03:29:52 +0x818: 68 -> 76
03:29:52 +0x890: 3984 -> 4125
03:29:52 +0xB50: 0 -> 1
03:29:52 +0x10A04: -1 -> 60905518
03:29:52 +0x358E8: 1791398258 -> 1791404991
03:29:52 +0x358F4: 2 -> 3
03:29:52 +0x432C4: 6 -> 7
03:29:52 +0x43750: 172673612 -> 0
03:30:12 +0x160: 7 -> 8
03:30:12 +0x188: 72301 -> 73505
03:30:14 +0x184: 1 -> 0
03:30:14 +0x188: 73505 -> 0
03:30:14 +0xB50: 1 -> 0
03:31:41 +0x7FC: 33686016 -> 33686272
03:33:09 +0x7FC: 33686272 -> 33686784
03:33:21 +0x184: 0 -> 1
03:33:21 +0x188: 0 -> 84801
03:33:21 +0x824: 0 -> 1131040773
03:33:21 +0x8A4: 0 -> 1125178504
03:33:21 +0xB50: 0 -> 1
03:33:23 +0x824: 1131040773 -> 1145100368
03:33:23 +0x8A4: 1125178504 -> 1128017260
03:33:25 +0x824: 1145100368 -> 1151434329
03:33:25 +0x8A4: 1128017260 -> 1130742708
03:33:25 +0xE9C: 127 -> 129
03:33:25 +0x352C4: 37 -> 39
03:33:25 +0x45100: 21 -> 23
03:33:27 +0x804: 1103337460 -> 0
03:33:27 +0x820: 220621 -> 220708
03:33:27 +0x824: 1151434329 -> 0
03:33:27 +0x860: 213483 -> 213553
03:33:27 +0x884: 1100299395 -> 0
03:33:27 +0x890: 4125 -> 4124
03:33:27 +0x8A0: 208999 -> 209086
03:33:27 +0x8A4: 1130742708 -> 0
03:33:27 +0xE9C: 129 -> 130
03:33:27 +0x2518: 94 -> 103
03:33:27 +0x352C4: 39 -> 40
03:33:27 +0x3563C: 38995 -> 39082
03:33:27 +0x356C0: 1791404902 -> 1791405205
03:33:27 +0x356CC: 73 -> 76
03:33:27 +0x45100: 23 -> 24
03:33:29 +0x804: 0 -> 1103337460
03:33:29 +0x884: 0 -> 1100356590
03:33:33 +0x188: 84801 -> 85590
03:33:35 +0x824: 0 -> 1131036725
03:33:35 +0x8A4: 0 -> 1135392904
03:33:37 +0x824: 1131036725 -> 1141205612
03:33:37 +0x8A4: 1135392904 -> 1137007904
03:33:39 +0x824: 1141205612 -> 1149838315
03:33:39 +0x884: 1100356590 -> 1100470980
03:33:39 +0x890: 4124 -> 4123
03:33:39 +0x8A4: 1137007904 -> 1138623465
03:33:39 +0xE9C: 130 -> 131
03:33:39 +0x352C4: 40 -> 41
03:33:39 +0x44DF0: 8 -> 9
03:33:41 +0x824: 1149838315 -> 1152230217
03:33:41 +0x8A4: 1138623465 -> 1141541932
03:33:41 +0xE9C: 131 -> 132
03:33:41 +0x352C4: 41 -> 42
03:33:41 +0x44DF0: 9 -> 10
03:33:43 +0x824: 1152230217 -> 1153223123
03:33:43 +0x8A4: 1141541932 -> 1142794057
03:33:43 +0xEBC: 7 -> 8
03:33:43 +0x352C4: 42 -> 43
03:33:43 +0x35690: 1791404854 -> 1791405222
03:33:43 +0x3569C: 83 -> 85
03:33:43 +0x44DF0: 10 -> 11
03:33:45 +0x820: 220708 -> 220746
03:33:45 +0x824: 1153223123 -> 1154275597
03:33:45 +0x860: 213553 -> 213584
03:33:45 +0x8A0: 209086 -> 209124
03:33:45 +0x8A4: 1142794057 -> 1143643598
03:33:45 +0x2518: 103 -> 105
03:33:45 +0x3563C: 39082 -> 39098
03:33:45 +0x35690: 1791405222 -> 1791405224
03:33:45 +0x3569C: 85 -> 86
03:33:47 +0x820: 220746 -> 220765
03:33:47 +0x824: 1154275597 -> 1155477006
03:33:47 +0x860: 213584 -> 213600
03:33:47 +0x8A0: 209124 -> 209143
03:33:47 +0x8A4: 1143643598 -> 1144493139
03:33:47 +0x2518: 105 -> 106
03:33:47 +0x3563C: 39098 -> 39106
03:33:49 +0x804: 1103337460 -> 0
03:33:49 +0x820: 220765 -> 220822
03:33:49 +0x824: 1155477006 -> 0
03:33:49 +0x860: 213600 -> 213646
03:33:49 +0x884: 1100470980 -> 0
03:33:49 +0x8A0: 209143 -> 209200
03:33:49 +0x8A4: 1144493139 -> 0
03:33:49 +0xE9C: 132 -> 133
03:33:49 +0xEBC: 8 -> 10
03:33:49 +0x2518: 106 -> 109
03:33:49 +0x352C4: 43 -> 46
03:33:49 +0x3563C: 39106 -> 39130
03:33:49 +0x35690: 1791405224 -> 1791405229
03:33:49 +0x3569C: 86 -> 89
03:33:49 +0x44DF0: 11 -> 14
03:33:53 +0x188: 85590 -> 86789
03:33:53 +0x804: 0 -> 1103337460
03:33:53 +0x884: 0 -> 1100470980
03:33:55 +0x824: 0 -> 1124147668
03:33:55 +0x8A4: 0 -> 1128036134
03:33:57 +0x824: 1124147668 -> 1136408184
03:33:57 +0x8A4: 1128036134 -> 1130058660
03:33:59 +0x804: 1103337460 -> 0
03:33:59 +0x820: 220822 -> 220880
03:33:59 +0x824: 1136408184 -> 0
03:33:59 +0x860: 213646 -> 213693
03:33:59 +0x884: 1100470980 -> 0
03:33:59 +0x8A0: 209200 -> 209258
03:33:59 +0x8A4: 1130058660 -> 0
03:33:59 +0xE9C: 133 -> 135
03:33:59 +0x2518: 109 -> 115
03:33:59 +0x352C4: 46 -> 48
03:33:59 +0x3563C: 39130 -> 39188
03:33:59 +0x356C0: 1791405205 -> 1791405239
03:33:59 +0x356CC: 76 -> 78
03:33:59 +0x45100: 24 -> 26
03:34:03 +0x804: 0 -> 1103337460
03:34:03 +0x884: 0 -> 1100470980
03:34:07 +0x188: 86789 -> 87595
03:34:07 +0x824: 0 -> 1079303716
03:34:07 +0x8A4: 0 -> 1131601442
03:34:09 +0x824: 1079303716 -> 1133635368
03:34:09 +0x8A4: 1131601442 -> 1133520127
03:34:11 +0x824: 1133635368 -> 1143984403
03:34:11 +0x8A4: 1133520127 -> 1135135687
03:34:11 +0xE9C: 135 -> 136
03:34:11 +0x352C4: 48 -> 49
03:34:11 +0x44DF0: 14 -> 15
03:34:13 +0x824: 1143984403 -> 1148969443
03:34:13 +0x884: 1100470980 -> 1100528175
03:34:13 +0x8A4: 1135135687 -> 1136806870
03:34:15 +0x824: 1148969443 -> 1150882331
03:34:15 +0x8A4: 1136806870 -> 1139241640
03:34:15 +0xE9C: 136 -> 137
03:34:15 +0x352C4: 49 -> 50
03:34:15 +0x35690: 1791405229 -> 1791405255
03:34:15 +0x3569C: 89 -> 90
03:34:15 +0x44DF0: 15 -> 16
03:34:17 +0x824: 1150882331 -> 1151405372
03:34:17 +0x8A4: 1139241640 -> 1140497294
03:34:17 +0x35690: 1791405255 -> 1791405256
03:34:17 +0x3569C: 90 -> 91
03:34:19 +0x804: 1103337460 -> 0
03:34:19 +0x820: 220880 -> 220947
03:34:19 +0x824: 1151405372 -> 0
03:34:19 +0x860: 213693 -> 213747
03:34:19 +0x884: 1100528175 -> 0
03:34:19 +0x8A0: 209258 -> 209325
03:34:19 +0x8A4: 1140497294 -> 0
03:34:19 +0xE9C: 137 -> 138
03:34:19 +0x2518: 115 -> 120
03:34:19 +0x34DB4: 0 -> 65536
03:34:19 +0x352C4: 50 -> 51
03:34:19 +0x3563C: 39188 -> 39233
03:34:19 +0x356C0: 1791405239 -> 1791405259
03:34:19 +0x356CC: 78 -> 79
03:34:19 +0x45100: 26 -> 27
03:34:23 +0x804: 0 -> 1103337460
03:34:23 +0x884: 0 -> 1100528175
03:34:29 +0x184: 1 -> 0
03:34:29 +0x188: 87595 -> 0
03:34:29 +0xB50: 1 -> 0
03:35:06 +0x7FC: 33686784 -> 33686272
03:35:22 +0x25D0: 2304 -> 67841
03:35:22 +0x25D4: 0 -> 13002
03:35:22 +0x25E0: 0 -> 1791405321
03:35:22 +0x25E8: 0 -> 47
03:35:22 +0x431E0: 1610612736 -> -536870912
03:44:58 +0x160: 8 -> 9
03:44:58 +0x1070: 0 -> 1
03:44:58 +0x1074: 0 -> 9033
03:44:58 +0x35960: 0 -> 1791405896
03:44:58 +0x35968: -1 -> 9033
03:44:58 +0x3596C: 0 -> 1
03:44:58 +0x35970: 0 -> 9
03:44:58 +0x431E4: 0 -> 2048
03:46:18 +0x1030: 1 -> 2
03:46:29 +0x1070: 1 -> 2
03:53:34 +0x184: 0 -> 1
03:53:34 +0x188: 0 -> 157670
03:53:34 +0xB50: 0 -> 1
03:54:05 +0x184: 1 -> 0
03:54:05 +0x188: 157670 -> 0
03:54:05 +0xB50: 1 -> 0
03:54:07 +0x184: 0 -> 1
03:54:07 +0x188: 0 -> 159486
03:54:07 +0xB50: 0 -> 1
03:54:13 +0x160: 9 -> 10
03:54:13 +0x184: 1 -> 0
03:54:13 +0x188: 159486 -> 0
03:54:13 +0xB50: 1 -> 0
03:54:37 +0x890: 4123 -> 4125
03:54:37 +0x9D0: 1 -> 0
03:54:37 +0x4334C: 0 -> 268435456
03:57:09 +0x42FD8: 398585856 -> 935456768
03:57:17 +0x430D8: 1885339646 -> 1910505470
04:01:30 +0x431E0: -536870912 -> -402653184
04:03:35 +0x35630: 1791400701 -> 1791407014
04:03:35 +0x3563C: 39233 -> 40283
04:07:46 +0x160: 10 -> 11
04:07:46 +0x9D0: 0 -> 1
04:08:48 +0x184: 0 -> 1
04:08:48 +0x188: 0 -> 212628
04:08:48 +0xB50: 0 -> 1
04:09:07 +0x43D34: 0 -> 1
04:09:07 +0x43D64: 0 -> 1
04:09:07 +0x44144: 0 -> 1
04:09:07 +0x4428C: 0 -> 1
04:09:07 +0x4536C: 0 -> 1
04:09:09 +0x824: 0 -> 1141645250
04:09:11 +0x804: 1103337460 -> 1103387926
04:09:11 +0x810: 4675 -> 4674
04:09:11 +0x824: 1141645250 -> 1150437496
04:09:13 +0x824: 1150437496 -> 1126922760
04:09:13 +0x43D34: 1 -> 3
04:09:13 +0x43D64: 1 -> 3
04:09:13 +0x44144: 1 -> 3
04:09:13 +0x4428C: 1 -> 3
04:09:13 +0x4536C: 1 -> 3
04:09:17 +0x824: 1126922760 -> 1128034841
04:09:19 +0x804: 1103387926 -> 1103438392
04:09:19 +0x810: 4674 -> 4673
04:09:19 +0x824: 1128034841 -> 1149367300
04:09:21 +0x824: 1149367300 -> 1155510131
04:09:21 +0xE9C: 138 -> 139
04:09:21 +0x43D38: 0 -> 1
04:09:21 +0x43D68: 0 -> 1
04:09:21 +0x44148: 0 -> 1
04:09:21 +0x44290: 0 -> 1
04:09:21 +0x45370: 0 -> 1
04:09:23 +0x824: 1155510131 -> 1157234688
04:09:23 +0xE9C: 139 -> 140
04:09:23 +0x43D38: 1 -> 2
04:09:23 +0x43D68: 1 -> 2
04:09:23 +0x44148: 1 -> 2
04:09:23 +0x44290: 1 -> 2
04:09:23 +0x45370: 1 -> 2
04:09:25 +0xE9C: 140 -> 141
04:09:25 +0x35738: 1791404008 -> 1791407364
04:09:25 +0x35744: 77 -> 78
04:09:25 +0x43D34: 3 -> 7
04:09:25 +0x43D38: 2 -> 3
04:09:25 +0x43D64: 3 -> 7
04:09:25 +0x43D68: 2 -> 3
04:09:25 +0x44144: 3 -> 7
04:09:25 +0x44148: 2 -> 3
04:09:25 +0x4428C: 3 -> 7
04:09:25 +0x44290: 2 -> 3
04:09:25 +0x4536C: 3 -> 7
04:09:25 +0x45370: 2 -> 3
04:09:27 +0x820: 220947 -> 221027
04:09:27 +0x824: 1157234688 -> 1148846080
04:09:27 +0x860: 213747 -> 213811
04:09:27 +0x8A0: 209325 -> 209389
04:09:27 +0x2518: 120 -> 122
04:09:27 +0x3563C: 40283 -> 40426
04:09:29 +0x804: 1103438392 -> 0
04:09:29 +0x820: 221027 -> 221091
04:09:29 +0x824: 1148846080 -> 0
04:09:29 +0x860: 213811 -> 213863
04:09:29 +0x8A0: 209389 -> 209441
04:09:29 +0xE9C: 141 -> 142
04:09:29 +0x2518: 122 -> 124
04:09:29 +0x3563C: 40426 -> 40494
04:09:29 +0x35738: 1791407364 -> 1791407367
04:09:29 +0x35744: 78 -> 79
04:09:29 +0x43D38: 3 -> 4
04:09:29 +0x43D68: 3 -> 4
04:09:29 +0x44148: 3 -> 4
04:09:29 +0x44290: 3 -> 4
04:09:29 +0x45370: 3 -> 4
04:09:31 +0x804: 0 -> 1103438392
04:09:33 +0x184: 1 -> 0
04:09:33 +0x188: 212628 -> 0
04:09:33 +0xB50: 1 -> 0
04:11:53 +0x25F0: 2304 -> 67841
04:11:53 +0x25F4: 0 -> 14003
04:11:53 +0x2600: 0 -> 1791407513
04:11:53 +0x2608: 0 -> 48
04:11:53 +0x45E14: 0 -> 2
04:12:01 +0x160: 11 -> 12
04:12:01 +0x42FD0: -310378496 -> -318767104
04:16:02 +0x810: 4673 -> 4675
04:16:06 +0xC8: 13 -> 0
04:16:06 +0xF0: 2 -> 3
04:16:06 +0xF4: 2 -> 3
04:16:06 +0xF8: 2 -> 3
04:16:06 +0x160: 12 -> 14
04:16:06 +0x7F8: 258 -> 259
04:16:06 +0x7FC: 33686272 -> 33751040
04:16:06 +0x9D0: 1 -> 0
04:16:06 +0x10BA4: -1 -> 70605585
04:16:06 +0x10BA8: -1 -> 62758585
04:16:06 +0x10BAC: -1 -> 94015658
04:16:06 +0x10BB0: -1 -> 23902519
04:16:06 +0x10BB4: -1 -> 22954738
04:16:06 +0x10BB8: -1 -> 59329746
04:16:06 +0x10BBC: -1 -> 137144179
04:16:06 +0x10BC0: -1 -> 23660268
04:16:06 +0x10BC4: -1 -> 66249446
04:16:06 +0x10BC8: -1 -> 100910228
04:16:06 +0x10BCC: -1 -> 67193071
04:16:06 +0x10BD0: -1 -> 123208161
04:16:06 +0x10BD4: -1 -> 26556962
04:16:06 +0x10BD8: -1 -> 136488140
04:16:06 +0x10BDC: -1 -> 118661913
04:16:06 +0x10BE0: -1 -> 104698530
04:16:06 +0x10BE4: -1 -> 167986966
04:16:06 +0x10BE8: -1 -> 29610217
04:16:06 +0x10BEC: -1 -> 143910992
04:16:06 +0x10BF0: -1 -> 83873628
04:16:06 +0x10BF4: -1 -> 199427524
04:16:06 +0x10BF8: -1 -> 171907506
04:16:06 +0x10BFC: -1 -> 124836236
04:16:06 +0x10C00: -1 -> 154051463
04:16:06 +0x10C04: -1 -> 60905518
04:16:06 +0x352D4: 0 -> 6
04:16:06 +0x42FB4: 4 -> 8
04:16:06 +0x42FD0: -318767104 -> -285212672
04:16:06 +0x431D8: 0 -> -4259840
04:16:06 +0x431DC: 0 -> -75493377
04:16:06 +0x431E0: -402653184 -> -334389001
04:16:06 +0x431E4: 2048 -> 157726
04:16:06 +0x4325C: 0 -> 8
04:16:06 +0x432B8: 0 -> -16777216
04:16:06 +0x432BC: 0 -> -1149108241
04:16:06 +0x432C0: -536870912 -> -497090731
04:16:06 +0x432C4: 7 -> 175
04:16:06 +0x4334C: 268435456 -> 0
04:16:06 +0x43350: 32 -> 0
04:16:06 +0x43754: 66304 -> 66560
04:16:06 +0x46660: 8 -> 24
04:16:06 +0x4679C: 0 -> 16
04:16:06 +0x46B20: 4 -> 20
04:16:06 +0x46DB8: 2 -> 18
04:16:06 +0x46E8C: 4 -> 20
04:16:06 +0x46F44: 6 -> 22
04:16:06 +0x46F70: 0 -> 16
04:16:06 +0x472C0: 0 -> 16
04:16:08 +0x184: 0 -> 1
04:16:08 +0x188: 0 -> 239757
04:16:08 +0x7FC: 33751040 -> 50528256
04:16:08 +0xAD0: -967691372 -> -967673856
04:16:08 +0xAD4: 1108333084 -> 1116471296
04:16:08 +0xAD8: 1160820355 -> 1160912896
04:16:08 +0xADC: -967691372 -> -967673856
04:16:08 +0xAE0: 1108333084 -> 1116471296
04:16:08 +0xAE4: 1160820355 -> 1160912896
04:16:08 +0xAE8: -967691372 -> -967673856
04:16:08 +0xAEC: 1108333084 -> 1116471296
04:16:08 +0xB28: 1119092736 -> 0
04:16:08 +0xB34: 1119092736 -> 0
04:16:08 +0xB40: 1119092736 -> 0
04:16:08 +0xB4C: 1119092736 -> 0
04:16:08 +0xB50: 0 -> 1
04:16:08 +0x42FD0: -285212672 -> -318767104
04:16:12 +0x42FB8: 1835008 -> 3932160
04:18:41 +0x184: 1 -> 0
04:18:41 +0x188: 239757 -> 0
04:18:41 +0xB50: 1 -> 0
04:28:22 +0x4375C: 1 -> 257
04:30:44 +0xC8: 0 -> 13
04:30:44 +0x160: 14 -> 15
04:30:44 +0x7FC: 50528256 -> 50528512
04:30:44 +0x9D0: 0 -> 1
04:34:23 +0x7FC: 50528512 -> 50528513
04:34:33 +0x7FC: 50528513 -> 50528769
04:34:39 +0xB8: 13 -> 0
04:34:39 +0xC8: 13 -> 0
04:34:39 +0x160: 15 -> 16
04:36:28 +0x160: 16 -> 17
04:38:35 +0x160: 17 -> 18
04:41:42 +0x160: 18 -> 19
04:45:31 +0x35978: 0 -> 1791409530
04:45:31 +0x35980: -1 -> 111
04:45:31 +0x35984: 0 -> 1
04:45:31 +0x35988: 0 -> 2
04:46:19 +0xB8: 0 -> 13
04:46:19 +0xC8: 0 -> 13
04:46:19 +0x160: 19 -> 20
04:46:19 +0x35984: 1 -> 0
04:47:01 +0xB8: 13 -> 0
04:47:01 +0xC8: 13 -> 0
04:47:01 +0x160: 20 -> 21
04:47:05 +0x160: 21 -> 22
04:48:37 +0x160: 22 -> 23
04:48:39 +0x128: 7 -> 8
04:48:39 +0x138: 7 -> 8
04:48:39 +0x154: 0 -> 769
04:48:39 +0x160: 23 -> 25
04:48:39 +0x1D8: 0 -> 1791409718
04:48:39 +0x1E0: 0 -> 7
04:48:39 +0x1E4: 0 -> 7
04:50:44 +0xA8: 1639963648 -> 0
04:50:44 +0xAC: 694 -> 0
04:50:52 +0x8: -1405707392 -> 0
04:50:52 +0xC: 693 -> 0
04:50:52 +0x10: 1 -> 0
04:50:52 +0x14: 4 -> 0
04:50:52 +0x18: 1 -> 0
04:50:52 +0x30: 1 -> 0
04:50:52 +0x34: 128 -> 0
04:50:52 +0x38: -1 -> 0
04:50:52 +0x50: 1 -> 0
04:50:52 +0x58: -1493742592 -> 0
04:50:52 +0x5C: 693 -> 0
04:50:52 +0x60: 1 -> 0
04:50:52 +0x64: 4 -> 0
04:50:52 +0x68: 1 -> 0
04:50:52 +0x80: 1 -> 0
04:50:52 +0x84: 128 -> 0
04:50:52 +0x88: -1 -> 0
04:50:52 +0xA0: 1 -> 0
04:50:52 +0xB0: -1402413664 -> 0
04:50:52 +0xB4: 693 -> 0
04:50:52 +0xBC: 16 -> 0
04:50:52 +0xC0: 1960190048 -> 0
04:50:52 +0xC4: 695 -> 0
04:50:52 +0xCC: 16 -> 0
04:50:52 +0xD0: 1944674144 -> 0
04:50:52 +0xD4: 694 -> 0
04:50:52 +0xD8: 13 -> 0
04:50:52 +0xDC: 16 -> 0
04:50:52 +0xE0: 1983905792 -> 0
04:50:52 +0xE4: 694 -> 0
04:50:52 +0xE8: 327680 -> 0
04:50:52 +0xEC: 458752 -> 0
04:50:52 +0xF0: 3 -> 0
04:50:52 +0xF4: 3 -> 0
04:50:52 +0xF8: 3 -> 0
04:50:52 +0x100: 1984364544 -> 0
04:50:52 +0x104: 694 -> 0
04:50:52 +0x108: 418048 -> 0
04:50:52 +0x10C: 589824 -> 0
04:50:52 +0x110: 1737608448 -> 0
04:50:52 +0x114: 694 -> 0
04:50:52 +0x118: 1024 -> 0
04:50:52 +0x11C: 1632 -> 0
04:50:52 +0x120: 2001446080 -> 0
04:50:52 +0x124: 694 -> 0
04:50:52 +0x128: 8 -> 0
04:50:52 +0x12C: 146 -> 0
04:50:52 +0x130: -1417425664 -> 0
04:50:52 +0x134: 693 -> 0
04:50:52 +0x138: 8 -> 0
04:50:52 +0x13C: 136 -> 0
04:50:52 +0x140: -1962934272 -> 0
04:50:52 +0x144: 693 -> 0
04:50:52 +0x148: 9434752 -> 0
04:50:52 +0x14C: 12976128 -> 0
04:50:52 +0x150: 65792 -> 0
04:50:52 +0x154: 769 -> 0
04:50:52 +0x158: -1 -> 0
04:50:52 +0x160: 25 -> 0
04:50:52 +0x180: 30 -> 0
04:50:52 +0x190: 1850474496 -> 0
04:50:52 +0x194: 694 -> 0
04:50:52 +0x198: 327680 -> 0
04:50:52 +0x19C: 458752 -> 0
04:50:52 +0x1A0: 1981480960 -> 0
04:50:52 +0x1A4: 694 -> 0
04:50:52 +0x1A8: 418048 -> 0
04:50:52 +0x1AC: 589824 -> 0
04:50:52 +0x1D8: 1791409718 -> 0
04:50:52 +0x1E0: 7 -> 0
04:50:52 +0x1E4: 7 -> 0
04:50:52 +0x320: -1 -> 0
04:50:52 +0x608: -1 -> 0
04:50:52 +0x628: 1633417904 -> 0
04:50:52 +0x62C: 694 -> 0
04:50:52 +0x630: 128 -> 0
04:50:52 +0x634: 170 -> 0
04:50:52 +0x670: -1 -> 0
04:50:52 +0x6C0: -1 -> 0
04:50:52 +0x710: -1 -> 0
04:50:52 +0x740: 1762216576 -> 0
04:50:52 +0x744: 694 -> 0
04:50:52 +0x748: 14 -> 0
04:50:52 +0x74C: 22 -> 0
04:50:52 +0x750: 16383 -> 0
04:50:52 +0x768: 14 -> 0
04:50:52 +0x76C: 128 -> 0
04:50:52 +0x770: -1 -> 0
04:50:52 +0x778: 2 -> 0
04:50:52 +0x780: 1806507456 -> 0
04:50:52 +0x784: 694 -> 0
04:50:52 +0x788: 16 -> 0
04:50:52 +0x790: 1762210240 -> 0
04:50:52 +0x794: 694 -> 0
04:50:52 +0x798: 14 -> 0
04:50:52 +0x79C: 22 -> 0
04:50:52 +0x7A0: 16383 -> 0
04:50:52 +0x7B8: 14 -> 0
04:50:52 +0x7BC: 128 -> 0
04:50:52 +0x7C0: -1 -> 0
04:50:52 +0x7C8: 2 -> 0
04:50:52 +0x7D0: 1806507200 -> 0
04:50:52 +0x7D4: 694 -> 0
04:50:52 +0x7D8: 16 -> 0
04:50:52 +0x7E0: 1146307922 -> 0
04:50:52 +0x7E4: 1146307922 -> 0
04:50:52 +0x7E8: 1146307922 -> 0
04:50:52 +0x7EC: 1146307922 -> 0
04:50:52 +0x7F0: 7 -> 0
04:50:52 +0x7F4: 327680 -> 0
04:50:52 +0x7F8: 259 -> 0
04:50:52 +0x7FC: 50528769 -> 0
04:50:52 +0x800: 838992173 -> 0
04:50:52 +0x804: 1103438392 -> 0
04:50:52 +0x810: 4675 -> 0
04:50:52 +0x814: 4675 -> 0
04:50:52 +0x818: 76 -> 0
04:50:52 +0x81C: 76 -> 0
04:50:52 +0x820: 221091 -> 0
04:50:52 +0x828: 247 -> 0
04:50:52 +0x82C: 221 -> 0
04:50:52 +0x830: 122 -> 0
04:50:52 +0x834: 75 -> 0
04:50:52 +0x838: 65 -> 0
04:50:52 +0x840: 687997229 -> 0
04:50:52 +0x850: 5408 -> 0
04:50:52 +0x854: 5408 -> 0
04:50:52 +0x858: 57 -> 0
04:50:52 +0x85C: 57 -> 0
04:50:52 +0x860: 213863 -> 0
04:50:52 +0x868: 191 -> 0
04:50:52 +0x86C: 173 -> 0
04:50:52 +0x870: 117 -> 0
04:50:52 +0x874: 87 -> 0
04:50:52 +0x878: 59 -> 0
04:50:52 +0x880: 989987117 -> 0
04:50:52 +0x884: 1100528175 -> 0
04:50:52 +0x890: 4125 -> 0
04:50:52 +0x894: 4125 -> 0
04:50:52 +0x898: 62 -> 0
04:50:52 +0x89C: 62 -> 0
04:50:52 +0x8A0: 209441 -> 0
04:50:52 +0x8A8: 242 -> 0
04:50:52 +0x8AC: 194 -> 0
04:50:52 +0x8B0: 94 -> 0
04:50:52 +0x8B4: 92 -> 0
04:50:52 +0x8B8: 65 -> 0
04:50:52 +0x8C0: 755105837 -> 0
04:50:52 +0x8D0: 3758 -> 0
04:50:52 +0x8D4: 3758 -> 0
04:50:52 +0x8D8: 126 -> 0
04:50:52 +0x8DC: 126 -> 0
04:50:52 +0x8E0: 215305 -> 0
04:50:52 +0x8E8: 173 -> 0
04:50:52 +0x8EC: 271 -> 0
04:50:52 +0x8F0: 57 -> 0
04:50:52 +0x8F4: 80 -> 0
04:50:52 +0x8F8: 53 -> 0
04:50:52 +0x900: 131107 -> 0
04:50:52 +0x910: 3770 -> 0
04:50:52 +0x914: 3770 -> 0
04:50:52 +0x918: 243 -> 0
04:50:52 +0x91C: 243 -> 0
04:50:52 +0x928: 184 -> 0
04:50:52 +0x92C: 184 -> 0
04:50:52 +0x930: 95 -> 0
04:50:52 +0x934: 95 -> 0
04:50:52 +0x938: 53 -> 0
04:50:52 +0x940: 134348802 -> 0
04:50:52 +0x950: 612 -> 0
04:50:52 +0x954: 612 -> 0
04:50:52 +0x958: 20 -> 0
04:50:52 +0x95C: 20 -> 0
04:50:52 +0x968: 6 -> 0
04:50:52 +0x96C: 6 -> 0
04:50:52 +0x970: 2 -> 0
04:50:52 +0x974: 2 -> 0
04:50:52 +0x978: 12 -> 0
04:50:52 +0x980: 117571586 -> 0
04:50:52 +0x990: 748 -> 0
04:50:52 +0x994: 748 -> 0
04:50:52 +0x998: 18 -> 0
04:50:52 +0x99C: 18 -> 0
04:50:52 +0x9A8: 6 -> 0
04:50:52 +0x9AC: 4 -> 0
04:50:52 +0x9B0: 2 -> 0
04:50:52 +0x9B4: 2 -> 0
04:50:52 +0x9B8: 10 -> 0
04:50:52 +0x9D0: 1 -> 0
04:50:52 +0xA00: 112 -> 0
04:50:52 +0xA04: 95 -> 0
04:50:52 +0xA08: 60 -> 0
04:50:52 +0xA0C: 59 -> 0
04:50:52 +0xA10: 86 -> 0
04:50:52 +0xA14: 77 -> 0
04:50:52 +0xA18: 78 -> 0
04:50:52 +0xA1C: 48 -> 0
04:50:52 +0xA20: 105 -> 0
04:50:52 +0xA24: 86 -> 0
04:50:52 +0xA28: 55 -> 0
04:50:52 +0xA2C: 53 -> 0
04:50:52 +0xA30: 72 -> 0
04:50:52 +0xA34: 114 -> 0
04:50:52 +0xA38: 49 -> 0
04:50:52 +0xA3C: 72 -> 0
04:50:52 +0xA40: 92 -> 0
04:50:52 +0xA44: 92 -> 0
04:50:52 +0xA48: 95 -> 0
04:50:52 +0xA4C: 95 -> 0
04:50:52 +0xA50: 3 -> 0
04:50:52 +0xA54: 3 -> 0
04:50:52 +0xA58: 2 -> 0
04:50:52 +0xA5C: 2 -> 0
04:50:52 +0xA60: 3 -> 0
04:50:52 +0xA64: 2 -> 0
04:50:52 +0xA68: 2 -> 0
04:50:52 +0xA6C: 2 -> 0
04:50:52 +0xAD0: -967673856 -> 0
04:50:52 +0xAD4: 1116471296 -> 0
04:50:52 +0xAD8: 1160912896 -> 0
04:50:52 +0xADC: -967673856 -> 0
04:50:52 +0xAE0: 1116471296 -> 0
04:50:52 +0xAE4: 1160912896 -> 0
04:50:52 +0xAE8: -967673856 -> 0
04:50:52 +0xAEC: 1116471296 -> 0
04:50:52 +0xE90: 257 -> 0
04:50:52 +0xE9C: 142 -> 0
04:50:52 +0xEA0: 257 -> 0
04:50:52 +0xEAC: 13 -> 0
04:50:52 +0xEB0: 257 -> 0
04:50:52 +0xEBC: 10 -> 0
04:50:52 +0xEC0: 257 -> 0
04:50:52 +0xED0: 256 -> 0
04:50:52 +0xEE0: 258 -> 0
04:50:52 +0xEF0: 258 -> 0
04:50:52 +0xF00: 256 -> 0
04:50:52 +0xF10: 258 -> 0
04:50:52 +0xF14: 1001 -> 0
04:50:52 +0xF20: 258 -> 0
04:50:52 +0xF24: 9010 -> 0
04:50:52 +0xF30: 2 -> 0
04:50:52 +0xF34: 9051 -> 0
04:50:52 +0xF40: 2 -> 0
04:50:52 +0xF44: 2001 -> 0
04:50:52 +0xF50: 258 -> 0
04:50:52 +0xF54: 9005 -> 0
04:50:52 +0xF60: 1 -> 0
04:50:52 +0xF64: 9052 -> 0
04:50:52 +0xF70: 258 -> 0
04:50:52 +0xF74: 3001 -> 0
04:50:52 +0xF80: 1 -> 0
04:50:52 +0xF84: 4001 -> 0
04:50:52 +0xF90: 1 -> 0
04:50:52 +0xF94: 9043 -> 0
04:50:52 +0xFA0: 1 -> 0
04:50:52 +0xFA4: 9053 -> 0
04:50:52 +0xFB0: 257 -> 0
04:50:52 +0xFB4: 1 -> 0
04:50:52 +0xFC0: 2 -> 0
04:50:52 +0xFC4: 9055 -> 0
04:50:52 +0xFD0: 2 -> 0
04:50:52 +0xFD4: 9056 -> 0
04:50:52 +0xFE0: 2 -> 0
04:50:52 +0xFE4: 9057 -> 0
04:50:52 +0xFF0: 2 -> 0
04:50:52 +0xFF4: 9058 -> 0
04:50:52 +0x1000: 2 -> 0
04:50:52 +0x1004: 9059 -> 0
04:50:52 +0x1010: 2 -> 0
04:50:52 +0x1014: 9045 -> 0
04:50:52 +0x1020: 2 -> 0
04:50:52 +0x1024: 9024 -> 0
04:50:52 +0x1030: 2 -> 0
04:50:52 +0x1034: 9017 -> 0
04:50:52 +0x1040: 1 -> 0
04:50:52 +0x1044: 9002 -> 0
04:50:52 +0x1050: 258 -> 0
04:50:52 +0x1054: 1002 -> 0
04:50:52 +0x1060: 1 -> 0
04:50:52 +0x1064: 9040 -> 0
04:50:52 +0x1070: 2 -> 0
04:50:52 +0x1074: 9033 -> 0
04:50:52 +0x1710: 1001 -> 0
04:50:52 +0x1714: 8 -> 0
04:50:52 +0x1720: 2001 -> 0
04:50:52 +0x1724: 9 -> 0
04:50:52 +0x1730: 3001 -> 0
04:50:52 +0x1734: 10 -> 0
04:50:52 +0x1740: 4001 -> 0
04:50:52 +0x1744: 11 -> 0
04:50:52 +0x1750: 1002 -> 0
04:50:52 +0x1754: 12 -> 0
04:50:52 +0x1764: -1 -> 0
04:50:52 +0x1774: -1 -> 0
04:50:52 +0x1784: -1 -> 0
04:50:52 +0x1794: -1 -> 0
04:50:52 +0x17A4: -1 -> 0
04:50:52 +0x17B4: -1 -> 0
04:50:52 +0x17C4: -1 -> 0
04:50:52 +0x17D4: -1 -> 0
04:50:52 +0x17E4: -1 -> 0
04:50:52 +0x17F4: -1 -> 0
04:50:52 +0x1804: -1 -> 0
04:50:52 +0x1814: -1 -> 0
04:50:52 +0x1824: -1 -> 0
04:50:52 +0x1834: -1 -> 0
04:50:52 +0x1844: -1 -> 0
04:50:52 +0x1854: -1 -> 0
04:50:52 +0x1864: -1 -> 0
04:50:52 +0x1874: -1 -> 0
04:50:52 +0x1884: -1 -> 0
04:50:52 +0x1894: -1 -> 0
04:50:52 +0x18A4: -1 -> 0
04:50:52 +0x18B4: -1 -> 0
04:50:52 +0x18C4: -1 -> 0
04:50:52 +0x18D4: -1 -> 0
04:50:52 +0x18E4: -1 -> 0
04:50:52 +0x18F4: -1 -> 0
04:50:52 +0x1904: -1 -> 0
04:50:52 +0x1914: -1 -> 0
04:50:52 +0x1924: -1 -> 0
04:50:52 +0x1934: -1 -> 0
04:50:52 +0x1944: -1 -> 0
04:50:52 +0x1954: -1 -> 0
04:50:52 +0x1964: -1 -> 0
04:50:52 +0x1974: -1 -> 0
04:50:52 +0x1984: -1 -> 0
04:50:52 +0x1994: -1 -> 0
04:50:52 +0x19A4: -1 -> 0
04:50:52 +0x19B4: -1 -> 0
04:50:52 +0x19C4: -1 -> 0
04:50:52 +0x19D4: -1 -> 0
04:50:52 +0x19E4: -1 -> 0
04:50:52 +0x19F4: -1 -> 0
04:50:52 +0x1A04: -1 -> 0
04:50:52 +0x1A14: -1 -> 0
04:50:52 +0x1A24: -1 -> 0
04:50:52 +0x1A34: -1 -> 0
04:50:52 +0x1A44: -1 -> 0
04:50:52 +0x1A54: -1 -> 0
04:50:52 +0x1A64: -1 -> 0
04:50:52 +0x1A74: -1 -> 0
04:50:52 +0x1A84: -1 -> 0
04:50:52 +0x1A94: -1 -> 0
04:50:52 +0x1AA4: -1 -> 0
04:50:52 +0x1AB4: -1 -> 0
04:50:52 +0x1AC4: -1 -> 0
04:50:52 +0x1AD4: -1 -> 0
04:50:52 +0x1AE4: -1 -> 0
04:50:52 +0x1AF4: -1 -> 0
04:50:52 +0x1B04: -1 -> 0
04:50:52 +0x1B14: -1 -> 0
04:50:52 +0x1B24: -1 -> 0
04:50:52 +0x1B34: -1 -> 0
04:50:52 +0x1B44: -1 -> 0
04:50:52 +0x1B54: -1 -> 0
04:50:52 +0x1B64: -1 -> 0
04:50:52 +0x1B74: -1 -> 0
04:50:52 +0x1B84: -1 -> 0
04:50:52 +0x1B94: -1 -> 0
04:50:52 +0x1BA4: -1 -> 0
04:50:52 +0x1BB4: -1 -> 0
04:50:52 +0x1BC4: -1 -> 0
04:50:52 +0x1BD4: -1 -> 0
04:50:52 +0x1BE4: -1 -> 0
04:50:52 +0x1BF4: -1 -> 0
04:50:52 +0x1C04: -1 -> 0
04:50:52 +0x1C14: -1 -> 0
04:50:52 +0x1C24: -1 -> 0
04:50:52 +0x1C34: -1 -> 0
04:50:52 +0x1C44: -1 -> 0
04:50:52 +0x1C54: -1 -> 0
04:50:52 +0x1C64: -1 -> 0
04:50:52 +0x1C74: -1 -> 0
04:50:52 +0x1C84: -1 -> 0
04:50:52 +0x1C94: -1 -> 0
04:50:52 +0x1CA4: -1 -> 0
04:50:52 +0x1CB4: -1 -> 0
04:50:52 +0x1CC4: -1 -> 0
04:50:52 +0x1CD4: -1 -> 0
04:50:52 +0x1CE4: -1 -> 0
04:50:52 +0x1CF4: -1 -> 0
04:50:52 +0x1D04: -1 -> 0
04:50:52 +0x1D14: -1 -> 0
04:50:52 +0x1D24: -1 -> 0
04:50:52 +0x1D34: -1 -> 0
04:50:52 +0x1D44: -1 -> 0
04:50:52 +0x1D54: -1 -> 0
04:50:52 +0x1D64: -1 -> 0
04:50:52 +0x1D74: -1 -> 0
04:50:52 +0x1D84: -1 -> 0
04:50:52 +0x1D94: -1 -> 0
04:50:52 +0x1DA4: -1 -> 0
04:50:52 +0x1DB4: -1 -> 0
04:50:52 +0x1DC4: -1 -> 0
04:50:52 +0x1DD4: -1 -> 0
04:50:52 +0x1DE4: -1 -> 0
04:50:52 +0x1DF4: -1 -> 0
04:50:52 +0x1E04: -1 -> 0
04:50:52 +0x1E14: -1 -> 0
04:50:52 +0x1E24: -1 -> 0
04:50:52 +0x1E34: -1 -> 0
04:50:52 +0x1E44: -1 -> 0
04:50:52 +0x1E54: -1 -> 0
04:50:52 +0x1E64: -1 -> 0
04:50:52 +0x1E74: -1 -> 0
04:50:52 +0x1E84: -1 -> 0
04:50:52 +0x1E94: -1 -> 0
04:50:52 +0x1EA4: -1 -> 0
04:50:52 +0x1EB4: -1 -> 0
04:50:52 +0x1EC4: -1 -> 0
04:50:52 +0x1ED4: -1 -> 0
04:50:52 +0x1EE4: -1 -> 0
04:50:52 +0x1EF4: -1 -> 0
04:50:52 +0x1F04: -1 -> 0
04:50:52 +0x1F10: 4 -> 0
04:50:52 +0x1F18: 1 -> 0
04:50:52 +0x1F30: 1 -> 0
04:50:52 +0x1F34: 2 -> 0
04:50:52 +0x1F38: 3 -> 0
04:50:52 +0x1F50: 2 -> 0
04:50:52 +0x1F54: 2 -> 0
04:50:52 +0x1F58: 1 -> 0
04:50:52 +0x1F70: 3 -> 0
04:50:52 +0x1F74: 4 -> 0
04:50:52 +0x1F78: 5 -> 0
04:50:52 +0x1F90: -1 -> 0
04:50:52 +0x1F94: -1 -> 0
04:50:52 +0x1F98: -1 -> 0
04:50:52 +0x1FB0: -1 -> 0
04:50:52 +0x1FB4: -1 -> 0
04:50:52 +0x1FB8: -1 -> 0
04:50:52 +0x1FD0: -1 -> 0
04:50:52 +0x1FD4: -1 -> 0
04:50:52 +0x1FD8: -1 -> 0
04:50:52 +0x1FF0: -1 -> 0
04:50:52 +0x1FF4: -1 -> 0
04:50:52 +0x1FF8: -1 -> 0
04:50:52 +0x2010: 65539 -> 0
04:50:52 +0x2014: 10004 -> 0
04:50:52 +0x2018: 1200 -> 0
04:50:52 +0x2020: 1791114661 -> 0
04:50:52 +0x2028: 1 -> 0
04:50:52 +0x2030: 65540 -> 0
04:50:52 +0x2034: 10001 -> 0
04:50:52 +0x2038: 1200 -> 0
04:50:52 +0x2040: 1791114661 -> 0
04:50:52 +0x2048: 2 -> 0
04:50:52 +0x2050: 65539 -> 0
04:50:52 +0x2054: 10005 -> 0
04:50:52 +0x2058: 1200 -> 0
04:50:52 +0x2060: 1791114661 -> 0
04:50:52 +0x2068: 3 -> 0
04:50:52 +0x2070: 67842 -> 0
04:50:52 +0x2074: 13013 -> 0
04:50:52 +0x2078: 500 -> 0
04:50:52 +0x2080: 1791114661 -> 0
04:50:52 +0x2088: 4 -> 0
04:50:52 +0x2090: 65538 -> 0
04:50:52 +0x2094: 13012 -> 0
04:50:52 +0x2098: 1000 -> 0
04:50:52 +0x20A0: 1791114661 -> 0
04:50:52 +0x20A8: 5 -> 0
04:50:52 +0x20B0: 65795 -> 0
04:50:52 +0x20B4: 10006 -> 0
04:50:52 +0x20B8: 1200 -> 0
04:50:52 +0x20C0: 1791114661 -> 0
04:50:52 +0x20C8: 6 -> 0
04:50:52 +0x20D0: 65795 -> 0
04:50:52 +0x20D4: 10007 -> 0
04:50:52 +0x20D8: 1200 -> 0
04:50:52 +0x20E0: 1791114661 -> 0
04:50:52 +0x20E8: 7 -> 0
04:50:52 +0x20F0: 65794 -> 0
04:50:52 +0x20F4: 13013 -> 0
04:50:52 +0x20F8: 500 -> 0
04:50:52 +0x2100: 1791114661 -> 0
04:50:52 +0x2108: 8 -> 0
04:50:52 +0x2110: 65795 -> 0
04:50:52 +0x2114: 13008 -> 0
04:50:52 +0x2118: 1000 -> 0
04:50:52 +0x2120: 1791114661 -> 0
04:50:52 +0x2128: 9 -> 0
04:50:52 +0x2130: 66053 -> 0
04:50:52 +0x2134: 12004 -> 0
04:50:52 +0x2138: 1350 -> 0
04:50:52 +0x2140: 1791114661 -> 0
04:50:52 +0x2148: 10 -> 0
04:50:52 +0x2150: 66050 -> 0
04:50:52 +0x2154: 13012 -> 0
04:50:52 +0x2158: 1000 -> 0
04:50:52 +0x2160: 1791114661 -> 0
04:50:52 +0x2168: 11 -> 0
04:50:52 +0x2170: 66051 -> 0
04:50:52 +0x2174: 10007 -> 0
04:50:52 +0x2178: 1200 -> 0
04:50:52 +0x2180: 1791114661 -> 0
04:50:52 +0x2188: 12 -> 0
04:50:52 +0x2190: 66051 -> 0
04:50:52 +0x2194: 10004 -> 0
04:50:52 +0x2198: 1200 -> 0
04:50:52 +0x21A0: 1791114661 -> 0
04:50:52 +0x21A8: 13 -> 0
04:50:52 +0x21B0: 66050 -> 0
04:50:52 +0x21B4: 13013 -> 0
04:50:52 +0x21B8: 500 -> 0
04:50:52 +0x21C0: 1791114661 -> 0
04:50:52 +0x21C8: 14 -> 0
04:50:52 +0x21D0: 66305 -> 0
04:50:52 +0x21D4: 13018 -> 0
04:50:52 +0x21E0: 1791114661 -> 0
04:50:52 +0x21E8: 15 -> 0
04:50:52 +0x21F0: 66309 -> 0
04:50:52 +0x21F4: 12005 -> 0
04:50:52 +0x21F8: 2400 -> 0
04:50:52 +0x2200: 1791114661 -> 0
04:50:52 +0x2208: 16 -> 0
04:50:52 +0x2210: 66307 -> 0
04:50:52 +0x2214: 10005 -> 0
04:50:52 +0x2218: 1200 -> 0
04:50:52 +0x2220: 1791114661 -> 0
04:50:52 +0x2228: 17 -> 0
04:50:52 +0x2230: 66307 -> 0
04:50:52 +0x2234: 10006 -> 0
04:50:52 +0x2238: 1200 -> 0
04:50:52 +0x2240: 1791114661 -> 0
04:50:52 +0x2248: 18 -> 0
04:50:52 +0x2250: 66309 -> 0
04:50:52 +0x2254: 13002 -> 0
04:50:52 +0x2258: 10000 -> 0
04:50:52 +0x2260: 1791114661 -> 0
04:50:52 +0x2268: 19 -> 0
04:50:52 +0x2270: 66307 -> 0
04:50:52 +0x2274: 10010 -> 0
04:50:52 +0x2278: 1200 -> 0
04:50:52 +0x2280: 1791114661 -> 0
04:50:52 +0x2288: 20 -> 0
04:50:52 +0x2290: 67843 -> 0
04:50:52 +0x2294: 10004 -> 0
04:50:52 +0x2298: 1200 -> 0
04:50:52 +0x22A0: 1791114661 -> 0
04:50:52 +0x22A8: 21 -> 0
04:50:52 +0x22B0: 67843 -> 0
04:50:52 +0x22B4: 10005 -> 0
04:50:52 +0x22B8: 1200 -> 0
04:50:52 +0x22C0: 1791114661 -> 0
04:50:52 +0x22C8: 22 -> 0
04:50:52 +0x22D0: 65539 -> 0
04:50:52 +0x22D4: 10006 -> 0
04:50:52 +0x22D8: 1200 -> 0
04:50:52 +0x22E0: 1791114661 -> 0
04:50:52 +0x22E8: 23 -> 0
04:50:52 +0x22F0: 67844 -> 0
04:50:52 +0x22F4: 10001 -> 0
04:50:52 +0x22F8: 1200 -> 0
04:50:52 +0x2300: 1791114661 -> 0
04:50:52 +0x2308: 24 -> 0
04:50:52 +0x2310: 67845 -> 0
04:50:52 +0x2314: 13001 -> 0
04:50:52 +0x2318: 10000 -> 0
04:50:52 +0x2320: 1791114661 -> 0
04:50:52 +0x2328: 25 -> 0
04:50:52 +0x2330: 67845 -> 0
04:50:52 +0x2334: 13002 -> 0
04:50:52 +0x2338: 10000 -> 0
04:50:52 +0x2340: 1791114661 -> 0
04:50:52 +0x2348: 26 -> 0
04:50:52 +0x2350: 67842 -> 0
04:50:52 +0x2354: 13012 -> 0
04:50:52 +0x2358: 1000 -> 0
04:50:52 +0x2360: 1791114661 -> 0
04:50:52 +0x2368: 27 -> 0
04:50:52 +0x2370: 67843 -> 0
04:50:52 +0x2374: 10011 -> 0
04:50:52 +0x2378: 1200 -> 0
04:50:52 +0x2380: 1791114661 -> 0
04:50:52 +0x2388: 28 -> 0
04:50:52 +0x2390: 67841 -> 0
04:50:52 +0x2394: 14008 -> 0
04:50:52 +0x23A0: 1791115027 -> 0
04:50:52 +0x23A8: 29 -> 0
04:50:52 +0x23B0: 65537 -> 0
04:50:52 +0x23B4: 14009 -> 0
04:50:52 +0x23C0: 1791115029 -> 0
04:50:52 +0x23C8: 30 -> 0
04:50:52 +0x23D0: 67841 -> 0
04:50:52 +0x23D4: 14007 -> 0
04:50:52 +0x23E0: 1791115030 -> 0
04:50:52 +0x23E8: 31 -> 0
04:50:52 +0x23F0: 67841 -> 0
04:50:52 +0x23F4: 10001 -> 0
04:50:52 +0x2400: 1791302816 -> 0
04:50:52 +0x2408: 32 -> 0
04:50:52 +0x2410: 67841 -> 0
04:50:52 +0x2414: 13001 -> 0
04:50:52 +0x2420: 1791303600 -> 0
04:50:52 +0x2428: 33 -> 0
04:50:52 +0x2430: 67841 -> 0
04:50:52 +0x2434: 13012 -> 0
04:50:52 +0x2440: 1791303645 -> 0
04:50:52 +0x2448: 34 -> 0
04:50:52 +0x2450: 67841 -> 0
04:50:52 +0x2454: 10004 -> 0
04:50:52 +0x2460: 1791392757 -> 0
04:50:52 +0x2468: 35 -> 0
04:50:52 +0x2470: 67841 -> 0
04:50:52 +0x2474: 10005 -> 0
04:50:52 +0x2480: 1791392759 -> 0
04:50:52 +0x2488: 36 -> 0
04:50:52 +0x2490: 67841 -> 0
04:50:52 +0x2494: 10006 -> 0
04:50:52 +0x24A0: 1791392763 -> 0
04:50:52 +0x24A8: 37 -> 0
04:50:52 +0x24B0: 67841 -> 0
04:50:52 +0x24B4: 10006 -> 0
04:50:52 +0x24C0: 1791392763 -> 0
04:50:52 +0x24C8: 38 -> 0
04:50:52 +0x24D0: 67841 -> 0
04:50:52 +0x24D4: 10006 -> 0
04:50:52 +0x24E0: 1791392763 -> 0
04:50:52 +0x24E8: 39 -> 0
04:50:52 +0x24F0: 67841 -> 0
04:50:52 +0x24F4: 10005 -> 0
04:50:52 +0x2500: 1791397791 -> 0
04:50:52 +0x2508: 40 -> 0
04:50:52 +0x2510: 65537 -> 0
04:50:52 +0x2514: 12002 -> 0
04:50:52 +0x2518: 124 -> 0
04:50:52 +0x2520: 1791399513 -> 0
04:50:52 +0x2528: 41 -> 0
04:50:52 +0x2530: 67841 -> 0
04:50:52 +0x2534: 10004 -> 0
04:50:52 +0x2540: 1791400578 -> 0
04:50:52 +0x2548: 42 -> 0
04:50:52 +0x2550: 67841 -> 0
04:50:52 +0x2554: 10002 -> 0
04:50:52 +0x2560: 1791400922 -> 0
04:50:52 +0x2568: 43 -> 0
04:50:52 +0x2570: 67841 -> 0
04:50:52 +0x2574: 10007 -> 0
04:50:52 +0x2580: 1791401993 -> 0
04:50:52 +0x2588: 44 -> 0
04:50:52 +0x2590: 67841 -> 0
04:50:52 +0x2594: 10007 -> 0
04:50:52 +0x25A0: 1791402021 -> 0
04:50:52 +0x25A8: 45 -> 0
04:50:52 +0x25B0: 67841 -> 0
04:50:52 +0x25B4: 10007 -> 0
04:50:52 +0x25C0: 1791402022 -> 0
04:50:52 +0x25C8: 46 -> 0
04:50:52 +0x25D0: 67841 -> 0
04:50:52 +0x25D4: 13002 -> 0
04:50:52 +0x25E0: 1791405321 -> 0
04:50:52 +0x25E8: 47 -> 0
04:50:52 +0x25F0: 67841 -> 0
04:50:52 +0x25F4: 14003 -> 0
04:50:52 +0x2600: 1791407513 -> 0
04:50:52 +0x2608: 48 -> 0
04:50:52 +0x2610: 2304 -> 0
04:50:52 +0x2630: 2304 -> 0
04:50:52 +0x2650: 2304 -> 0
04:50:52 +0x2670: 2304 -> 0
04:50:52 +0x2690: 2304 -> 0
04:50:52 +0x26B0: 2304 -> 0
04:50:52 +0x26D0: 2304 -> 0
04:50:52 +0x26F0: 2304 -> 0
04:50:52 +0x2710: 2304 -> 0
04:50:52 +0x2730: 2304 -> 0
04:50:52 +0x2750: 2304 -> 0
04:50:52 +0x2770: 2304 -> 0
04:50:52 +0x2790: 2304 -> 0
04:50:52 +0x27B0: 2304 -> 0
04:50:52 +0x27D0: 2304 -> 0
04:50:52 +0x27F0: 2304 -> 0
04:50:52 +0x2810: 2304 -> 0
04:50:52 +0x2830: 2304 -> 0
04:50:52 +0x2850: 2304 -> 0
04:50:52 +0x2870: 2304 -> 0
04:50:52 +0x2890: 2304 -> 0
04:50:52 +0x28B0: 2304 -> 0
04:50:52 +0x28D0: 2304 -> 0
04:50:52 +0x28F0: 2304 -> 0
04:50:52 +0x2910: 2304 -> 0
04:50:52 +0x2930: 2304 -> 0
04:50:52 +0x2950: 2304 -> 0
04:50:52 +0x2970: 2304 -> 0
04:50:52 +0x2990: 2304 -> 0
04:50:52 +0x29B0: 2304 -> 0
04:50:52 +0x29D0: 2304 -> 0
04:50:52 +0x29F0: 2304 -> 0
04:50:52 +0x2A10: 2304 -> 0
04:50:52 +0x2A30: 2304 -> 0
04:50:52 +0x2A50: 2304 -> 0
04:50:52 +0x2A70: 2304 -> 0
04:50:52 +0x2A90: 2304 -> 0
04:50:52 +0x2AB0: 2304 -> 0
04:50:52 +0x2AD0: 2304 -> 0
04:50:52 +0x2AF0: 2304 -> 0
04:50:52 +0x2B10: 2304 -> 0
04:50:52 +0x2B30: 2304 -> 0
04:50:52 +0x2B50: 2304 -> 0
04:50:52 +0x2B70: 2304 -> 0
04:50:52 +0x2B90: 2304 -> 0
04:50:52 +0x2BB0: 2304 -> 0
04:50:52 +0x2BD0: 2304 -> 0
04:50:52 +0x2BF0: 2304 -> 0
04:50:52 +0x2C10: 2304 -> 0
04:50:52 +0x2C30: 2304 -> 0
04:50:52 +0x2C50: 2304 -> 0
04:50:52 +0x2C70: 2304 -> 0
04:50:52 +0x2C90: 2304 -> 0
04:50:52 +0x2CB0: 2304 -> 0
04:50:52 +0x2CD0: 2304 -> 0
04:50:52 +0x2CF0: 2304 -> 0
04:50:52 +0x2D10: 2304 -> 0
04:50:52 +0x2D30: 2304 -> 0
04:50:52 +0x2D50: 2304 -> 0
04:50:52 +0x2D70: 2304 -> 0
04:50:52 +0x2D90: 2304 -> 0
04:50:52 +0x2DB0: 2304 -> 0
04:50:52 +0x2DD0: 2304 -> 0
04:50:52 +0x2DF0: 2304 -> 0
04:50:52 +0x2E10: 2304 -> 0
04:50:52 +0x2E30: 2304 -> 0
04:50:52 +0x2E50: 2304 -> 0
04:50:52 +0x2E70: 2304 -> 0
04:50:52 +0x2E90: 2304 -> 0
04:50:52 +0x2EB0: 2304 -> 0
04:50:52 +0x2ED0: 2304 -> 0
04:50:52 +0x2EF0: 2304 -> 0
04:50:52 +0x2F10: 2304 -> 0
04:50:52 +0x2F30: 2304 -> 0
04:50:52 +0x2F50: 2304 -> 0
04:50:52 +0x2F70: 2304 -> 0
04:50:52 +0x2F90: 2304 -> 0
04:50:52 +0x2FB0: 2304 -> 0
04:50:52 +0x2FD0: 2304 -> 0
04:50:52 +0x2FF0: 2304 -> 0
04:50:52 +0x3010: 2304 -> 0
04:50:52 +0x3030: 2304 -> 0
04:50:52 +0x3050: 2304 -> 0
04:50:52 +0x3070: 2304 -> 0
04:50:52 +0x3090: 2304 -> 0
04:50:52 +0x30B0: 2304 -> 0
04:50:52 +0x30D0: 2304 -> 0
04:50:52 +0x30F0: 2304 -> 0
04:50:52 +0x3110: 2304 -> 0
04:50:52 +0x3130: 2304 -> 0
04:50:52 +0x3150: 2304 -> 0
04:50:52 +0x3170: 2304 -> 0
04:50:52 +0x3190: 2304 -> 0
04:50:52 +0x31B0: 2304 -> 0
04:50:52 +0x31D0: 2304 -> 0
04:50:52 +0x31F0: 2304 -> 0
04:50:52 +0x3210: 2304 -> 0
04:50:52 +0x3230: 2304 -> 0
04:50:52 +0x3250: 2304 -> 0
04:50:52 +0x3270: 2304 -> 0
04:50:52 +0x3290: 2304 -> 0
04:50:52 +0x32B0: 2304 -> 0
04:50:52 +0x32D0: 2304 -> 0
04:50:52 +0x32F0: 2304 -> 0
04:50:52 +0x3310: 2304 -> 0
04:50:52 +0x3330: 2304 -> 0
04:50:52 +0x3350: 2304 -> 0
04:50:52 +0x3370: 2304 -> 0
04:50:52 +0x3390: 2304 -> 0
04:50:52 +0x33B0: 2304 -> 0
04:50:52 +0x33D0: 2304 -> 0
04:50:52 +0x33F0: 2304 -> 0
04:50:52 +0x3410: 2304 -> 0
04:50:52 +0x3430: 2304 -> 0
04:50:52 +0x3450: 2304 -> 0
04:50:52 +0x3470: 2304 -> 0
04:50:52 +0x3490: 2304 -> 0
04:50:52 +0x34B0: 2304 -> 0
04:50:52 +0x34D0: 2304 -> 0
04:50:52 +0x34F0: 2304 -> 0
04:50:52 +0x3510: 2304 -> 0
04:50:52 +0x3530: 2304 -> 0
04:50:52 +0x3550: 2304 -> 0
04:50:52 +0x3570: 2304 -> 0
04:50:52 +0x3590: 2304 -> 0
04:50:52 +0x35B0: 2304 -> 0
04:50:52 +0x35D0: 2304 -> 0
04:50:52 +0x35F0: 2304 -> 0
04:50:52 +0x3610: 2304 -> 0
04:50:52 +0x3630: 2304 -> 0
04:50:52 +0x3650: 2304 -> 0
04:50:52 +0x3670: 2304 -> 0
04:50:52 +0x3690: 2304 -> 0
04:50:52 +0x36B0: 2304 -> 0
04:50:52 +0x36D0: 2304 -> 0
04:50:52 +0x36F0: 2304 -> 0
04:50:52 +0x3710: 2304 -> 0
04:50:52 +0x3730: 2304 -> 0
04:50:52 +0x3750: 2304 -> 0
04:50:52 +0x3770: 2304 -> 0
04:50:52 +0x3790: 2304 -> 0
04:50:52 +0x37B0: 2304 -> 0
04:50:52 +0x37D0: 2304 -> 0
04:50:52 +0x37F0: 2304 -> 0
04:50:52 +0x3810: 2304 -> 0
04:50:52 +0x3830: 2304 -> 0
04:50:52 +0x3850: 2304 -> 0
04:50:52 +0x3870: 2304 -> 0
04:50:52 +0x3890: 2304 -> 0
04:50:52 +0x38B0: 2304 -> 0
04:50:52 +0x38D0: 2304 -> 0
04:50:52 +0x38F0: 2304 -> 0
04:50:52 +0x3910: 2304 -> 0
04:50:52 +0x3930: 2304 -> 0
04:50:52 +0x3950: 2304 -> 0
04:50:52 +0x3970: 2304 -> 0
04:50:52 +0x3990: 2304 -> 0
04:50:52 +0x39B0: 2304 -> 0
04:50:52 +0x39D0: 2304 -> 0
04:50:52 +0x39F0: 2304 -> 0
04:50:52 +0x3A10: 2304 -> 0
04:50:52 +0x3A30: 2304 -> 0
04:50:52 +0x3A50: 2304 -> 0
04:50:52 +0x3A70: 2304 -> 0
04:50:52 +0x3A90: 2304 -> 0
04:50:52 +0x3AB0: 2304 -> 0
04:50:52 +0x3AD0: 2304 -> 0
04:50:52 +0x3AF0: 2304 -> 0
04:50:52 +0x3B10: 2304 -> 0
04:50:52 +0x3B30: 2304 -> 0
04:50:52 +0x3B50: 2304 -> 0
04:50:52 +0x3B70: 2304 -> 0
04:50:52 +0x3B90: 2304 -> 0
04:50:52 +0x3BB0: 2304 -> 0
04:50:52 +0x3BD0: 2304 -> 0
04:50:52 +0x3BF0: 2304 -> 0
04:50:52 +0x3C10: 2304 -> 0
04:50:52 +0x3C30: 2304 -> 0
04:50:52 +0x3C50: 2304 -> 0
04:50:52 +0x3C70: 2304 -> 0
04:50:52 +0x3C90: 2304 -> 0
04:50:52 +0x3CB0: 2304 -> 0
04:50:52 +0x3CD0: 2304 -> 0
04:50:52 +0x3CF0: 2304 -> 0
04:50:52 +0x3D10: 2304 -> 0
04:50:52 +0x3D30: 2304 -> 0
04:50:52 +0x3D50: 2304 -> 0
04:50:52 +0x3D70: 2304 -> 0
04:50:52 +0x3D90: 2304 -> 0
04:50:52 +0x3DB0: 2304 -> 0
04:50:52 +0x3DD0: 2304 -> 0
04:50:52 +0x3DF0: 2304 -> 0
04:50:52 +0x3E10: 2304 -> 0
04:50:52 +0x3E30: 2304 -> 0
04:50:52 +0x3E50: 2304 -> 0
04:50:52 +0x3E70: 2304 -> 0
04:50:52 +0x3E90: 2304 -> 0
04:50:52 +0x3EB0: 2304 -> 0
04:50:52 +0x3ED0: 2304 -> 0
04:50:52 +0x3EF0: 2304 -> 0
04:50:52 +0x3F10: 2304 -> 0
04:50:52 +0x3F30: 2304 -> 0
04:50:52 +0x3F50: 2304 -> 0
04:50:52 +0x3F70: 2304 -> 0
04:50:52 +0x3F90: 2304 -> 0
04:50:52 +0x3FB0: 2304 -> 0
04:50:52 +0x3FD0: 2304 -> 0
04:50:52 +0x3FF0: 2304 -> 0
04:50:52 +0x4010: 2304 -> 0
04:50:52 +0x4030: 2304 -> 0
04:50:52 +0x4050: 2304 -> 0
04:50:52 +0x4070: 2304 -> 0
04:50:52 +0x4090: 2304 -> 0
04:50:52 +0x40B0: 2304 -> 0
04:50:52 +0x40D0: 2304 -> 0
04:50:52 +0x40F0: 2304 -> 0
04:50:52 +0x4110: 2304 -> 0
04:50:52 +0x4130: 2304 -> 0
04:50:52 +0x4150: 2304 -> 0
04:50:52 +0x4170: 2304 -> 0
04:50:52 +0x4190: 2304 -> 0
04:50:52 +0x41B0: 2304 -> 0
04:50:52 +0x41D0: 2304 -> 0
04:50:52 +0x41F0: 2304 -> 0
04:50:52 +0x4210: 2304 -> 0
04:50:52 +0x4230: 2304 -> 0
04:50:52 +0x4250: 2304 -> 0
04:50:52 +0x4270: 2304 -> 0
04:50:52 +0x4290: 2304 -> 0
04:50:52 +0x42B0: 2304 -> 0
04:50:52 +0x42D0: 2304 -> 0
04:50:52 +0x42F0: 2304 -> 0
04:50:52 +0x4310: 2304 -> 0
04:50:52 +0x4330: 2304 -> 0
04:50:52 +0x4350: 2304 -> 0
04:50:52 +0x4370: 2304 -> 0
04:50:52 +0x4390: 2304 -> 0
04:50:52 +0x43B0: 2304 -> 0
04:50:52 +0x43D0: 2304 -> 0
04:50:52 +0x43F0: 2304 -> 0
04:50:52 +0x4410: 2304 -> 0
04:50:52 +0x4430: 2304 -> 0
04:50:52 +0x4450: 2304 -> 0
04:50:52 +0x4470: 2304 -> 0
04:50:52 +0x4490: 2304 -> 0
04:50:52 +0x44B0: 2304 -> 0
04:50:52 +0x44D0: 2304 -> 0
04:50:52 +0x44F0: 2304 -> 0
04:50:52 +0x4510: 2304 -> 0
04:50:52 +0x4530: 2304 -> 0
04:50:52 +0x4550: 2304 -> 0
04:50:52 +0x4570: 2304 -> 0
04:50:52 +0x4590: 2304 -> 0
04:50:52 +0x45B0: 2304 -> 0
04:50:52 +0x45D0: 2304 -> 0
04:50:52 +0x45F0: 2304 -> 0
04:50:52 +0x4610: 2304 -> 0
04:50:52 +0x4630: 2304 -> 0
04:50:52 +0x4650: 2304 -> 0
04:50:52 +0x4670: 2304 -> 0
04:50:52 +0x4690: 2304 -> 0
04:50:52 +0x46B0: 2304 -> 0
04:50:52 +0x46D0: 2304 -> 0
04:50:52 +0x46F0: 2304 -> 0
04:50:52 +0x4710: 2304 -> 0
04:50:52 +0x4730: 2304 -> 0
04:50:52 +0x4750: 2304 -> 0
04:50:52 +0x4770: 2304 -> 0
04:50:52 +0x4790: 2304 -> 0
04:50:52 +0x47B0: 2304 -> 0
04:50:52 +0x47D0: 2304 -> 0
04:50:52 +0x47F0: 2304 -> 0
04:50:52 +0x4810: 2304 -> 0
04:50:52 +0x4830: 2304 -> 0
04:50:52 +0x4850: 2304 -> 0
04:50:52 +0x4870: 2304 -> 0
04:50:52 +0x4890: 2304 -> 0
04:50:52 +0x48B0: 2304 -> 0
04:50:52 +0x48D0: 2304 -> 0
04:50:52 +0x48F0: 2304 -> 0
04:50:52 +0x4910: 2304 -> 0
04:50:52 +0x4930: 2304 -> 0
04:50:52 +0x4950: 2304 -> 0
04:50:52 +0x4970: 2304 -> 0
04:50:52 +0x4990: 2304 -> 0
04:50:52 +0x49B0: 2304 -> 0
04:50:52 +0x49D0: 2304 -> 0
04:50:52 +0x49F0: 2304 -> 0
04:50:52 +0x4A10: 2304 -> 0
04:50:52 +0x4A30: 2304 -> 0
04:50:52 +0x4A50: 2304 -> 0
04:50:52 +0x4A70: 2304 -> 0
04:50:52 +0x4A90: 2304 -> 0
04:50:52 +0x4AB0: 2304 -> 0
04:50:52 +0x4AD0: 2304 -> 0
04:50:52 +0x4AF0: 2304 -> 0
04:50:52 +0x4B10: 2304 -> 0
04:50:52 +0x4B30: 2304 -> 0
04:50:52 +0x4B50: 2304 -> 0
04:50:52 +0x4B70: 2304 -> 0
04:50:52 +0x4B90: 2304 -> 0
04:50:52 +0x4BB0: 2304 -> 0
04:50:52 +0x4BD0: 2304 -> 0
04:50:52 +0x4BF0: 2304 -> 0
04:50:52 +0x4C10: 2304 -> 0
04:50:52 +0x4C30: 2304 -> 0
04:50:52 +0x4C50: 2304 -> 0
04:50:52 +0x4C70: 2304 -> 0
04:50:52 +0x4C90: 2304 -> 0
04:50:52 +0x4CB0: 2304 -> 0
04:50:52 +0x4CD0: 2304 -> 0
04:50:52 +0x4CF0: 2304 -> 0
04:50:52 +0x4D10: 2304 -> 0
04:50:52 +0x4D30: 2304 -> 0
04:50:52 +0x4D50: 2304 -> 0
04:50:52 +0x4D70: 2304 -> 0
04:50:52 +0x4D90: 2304 -> 0
04:50:52 +0x4DB0: 2304 -> 0
04:50:52 +0x4DD0: 2304 -> 0
04:50:52 +0x4DF0: 2304 -> 0
04:50:52 +0x4E10: 2304 -> 0
04:50:52 +0x4E30: 2304 -> 0
04:50:52 +0x4E50: 2304 -> 0
04:50:52 +0x4E70: 2304 -> 0
04:50:52 +0x4E90: 2304 -> 0
04:50:52 +0x4EB0: 2304 -> 0
04:50:52 +0x4ED0: 2304 -> 0
04:50:52 +0x4EF0: 2304 -> 0
04:50:52 +0x4F10: 2304 -> 0
04:50:52 +0x4F30: 2304 -> 0
04:50:52 +0x4F50: 2304 -> 0
04:50:52 +0x4F70: 2304 -> 0
04:50:52 +0x4F90: 2304 -> 0
04:50:52 +0x4FB0: 2304 -> 0
04:50:52 +0x4FD0: 2304 -> 0
04:50:52 +0x4FF0: 2304 -> 0
04:50:52 +0x5010: 2304 -> 0
04:50:52 +0x5030: 2304 -> 0
04:50:52 +0x5050: 2304 -> 0
04:50:52 +0x5070: 2304 -> 0
04:50:52 +0x5090: 2304 -> 0
04:50:52 +0x50B0: 2304 -> 0
04:50:52 +0x50D0: 2304 -> 0
04:50:52 +0x50F0: 2304 -> 0
04:50:52 +0x5110: 2304 -> 0
04:50:52 +0x5130: 2304 -> 0
04:50:52 +0x5150: 2304 -> 0
04:50:52 +0x5170: 2304 -> 0
04:50:52 +0x5190: 2304 -> 0
04:50:52 +0x51B0: 2304 -> 0
04:50:52 +0x51D0: 2304 -> 0
04:50:52 +0x51F0: 2304 -> 0
04:50:52 +0x5210: 2304 -> 0
04:50:52 +0x5230: 2304 -> 0
04:50:52 +0x5250: 2304 -> 0
04:50:52 +0x5270: 2304 -> 0
04:50:52 +0x5290: 2304 -> 0
04:50:52 +0x52B0: 2304 -> 0
04:50:52 +0x52D0: 2304 -> 0
04:50:52 +0x52F0: 2304 -> 0
04:50:52 +0x5310: 2304 -> 0
04:50:52 +0x5330: 2304 -> 0
04:50:52 +0x5350: 2304 -> 0
04:50:52 +0x5370: 2304 -> 0
04:50:52 +0x5390: 2304 -> 0
04:50:52 +0x53B0: 2304 -> 0
04:50:52 +0x53D0: 2304 -> 0
04:50:52 +0x53F0: 2304 -> 0
04:50:52 +0x5410: 2304 -> 0
04:50:52 +0x5430: 2304 -> 0
04:50:52 +0x5450: 2304 -> 0
04:50:52 +0x5470: 2304 -> 0
04:50:52 +0x5490: 2304 -> 0
04:50:52 +0x54B0: 2304 -> 0
04:50:52 +0x54D0: 2304 -> 0
04:50:52 +0x54F0: 2304 -> 0
04:50:52 +0x5510: 2304 -> 0
04:50:52 +0x5530: 2304 -> 0
04:50:52 +0x5550: 2304 -> 0
04:50:52 +0x5570: 2304 -> 0
04:50:52 +0x5590: 2304 -> 0
04:50:52 +0x55B0: 2304 -> 0
04:50:52 +0x55D0: 2304 -> 0
04:50:52 +0x55F0: 2304 -> 0
04:50:52 +0x5610: 2304 -> 0
04:50:52 +0x5630: 2304 -> 0
04:50:52 +0x5650: 2304 -> 0
04:50:52 +0x5670: 2304 -> 0
04:50:52 +0x5690: 2304 -> 0
04:50:52 +0x56B0: 2304 -> 0
04:50:52 +0x56D0: 2304 -> 0
04:50:52 +0x56F0: 2304 -> 0
04:50:52 +0x5710: 2304 -> 0
04:50:52 +0x5730: 2304 -> 0
04:50:52 +0x5750: 2304 -> 0
04:50:52 +0x5770: 2304 -> 0
04:50:52 +0x5790: 2304 -> 0
04:50:52 +0x57B0: 2304 -> 0
04:50:52 +0x57D0: 2304 -> 0
04:50:52 +0x57F0: 2304 -> 0
04:50:52 +0x5810: 2304 -> 0
04:50:52 +0x5830: 2304 -> 0
04:50:52 +0x5850: 2304 -> 0
04:50:52 +0x5870: 2304 -> 0
04:50:52 +0x5890: 2304 -> 0
04:50:52 +0x58B0: 2304 -> 0
04:50:52 +0x58D0: 2304 -> 0
04:50:52 +0x58F0: 2304 -> 0
04:50:52 +0x5910: 2304 -> 0
04:50:52 +0x5930: 2304 -> 0
04:50:52 +0x5950: 2304 -> 0
04:50:52 +0x5970: 2304 -> 0
04:50:52 +0x5990: 2304 -> 0
04:50:52 +0x59B0: 2304 -> 0
04:50:52 +0x59D0: 2304 -> 0
04:50:52 +0x59F0: 2304 -> 0
04:50:52 +0x5A10: 2304 -> 0
04:50:52 +0x5A30: 2304 -> 0
04:50:52 +0x5A50: 2304 -> 0
04:50:52 +0x5A70: 2304 -> 0
04:50:52 +0x5A90: 2304 -> 0
04:50:52 +0x5AB0: 2304 -> 0
04:50:52 +0x5AD0: 2304 -> 0
04:50:52 +0x5AF0: 2304 -> 0
04:50:52 +0x5B10: 2304 -> 0
04:50:52 +0x5B30: 2304 -> 0
04:50:52 +0x5B50: 2304 -> 0
04:50:52 +0x5B70: 2304 -> 0
04:50:52 +0x5B90: 2304 -> 0
04:50:52 +0x5BB0: 2304 -> 0
04:50:52 +0x5BD0: 2304 -> 0
04:50:52 +0x5BF0: 2304 -> 0
04:50:52 +0x5C10: 2304 -> 0
04:50:52 +0x5C30: 2304 -> 0
04:50:52 +0x5C50: 2304 -> 0
04:50:52 +0x5C70: 2304 -> 0
04:50:52 +0x5C90: 2304 -> 0
04:50:52 +0x5CB0: 2304 -> 0
04:50:52 +0x5CD0: 2304 -> 0
04:50:52 +0x5CF0: 2304 -> 0
04:50:52 +0x5D10: 2304 -> 0
04:50:52 +0x5D30: 2304 -> 0
04:50:52 +0x5D50: 2304 -> 0
04:50:52 +0x5D70: 2304 -> 0
04:50:52 +0x5D90: 2304 -> 0
04:50:52 +0x5DB0: 2304 -> 0
04:50:52 +0x5DD0: 2304 -> 0
04:50:52 +0x5DF0: 2304 -> 0
04:50:52 +0x5E10: 2304 -> 0
04:50:52 +0x5E30: 2304 -> 0
04:50:52 +0x5E50: 2304 -> 0
04:50:52 +0x5E70: 2304 -> 0
04:50:52 +0x5E90: 2304 -> 0
04:50:52 +0x5EB0: 2304 -> 0
04:50:52 +0x5ED0: 2304 -> 0
04:50:52 +0x5EF0: 2304 -> 0
04:50:52 +0x5F10: 2304 -> 0
04:50:52 +0x5F30: 2304 -> 0
04:50:52 +0x5F50: 2304 -> 0
04:50:52 +0x5F70: 2304 -> 0
04:50:52 +0x5F90: 2304 -> 0
04:50:52 +0x5FB0: 2304 -> 0
04:50:52 +0x5FD0: 2304 -> 0
04:50:52 +0x5FF0: 2304 -> 0
04:50:52 +0x6010: 2304 -> 0
04:50:52 +0x6030: 2304 -> 0
04:50:52 +0x6050: 2304 -> 0
04:50:52 +0x6070: 2304 -> 0
04:50:52 +0x6090: 2304 -> 0
04:50:52 +0x60B0: 2304 -> 0
04:50:52 +0x60D0: 2304 -> 0
04:50:52 +0x60F0: 2304 -> 0
04:50:52 +0x6110: 2304 -> 0
04:50:52 +0x6130: 2304 -> 0
04:50:52 +0x6150: 2304 -> 0
04:50:52 +0x6170: 2304 -> 0
04:50:52 +0x6190: 2304 -> 0
04:50:52 +0x61B0: 2304 -> 0
04:50:52 +0x61D0: 2304 -> 0
04:50:52 +0x61F0: 2304 -> 0
04:50:52 +0x6210: 2304 -> 0
04:50:52 +0x6230: 2304 -> 0
04:50:52 +0x6250: 2304 -> 0
04:50:52 +0x6270: 2304 -> 0
04:50:52 +0x6290: 2304 -> 0
04:50:52 +0x62B0: 2304 -> 0
04:50:52 +0x62D0: 2304 -> 0
04:50:52 +0x62F0: 2304 -> 0
04:50:52 +0x6310: 2304 -> 0
04:50:52 +0x6330: 2304 -> 0
04:50:52 +0x6350: 2304 -> 0
04:50:52 +0x6370: 2304 -> 0
04:50:52 +0x6390: 2304 -> 0
04:50:52 +0x63B0: 2304 -> 0
04:50:52 +0x63D0: 2304 -> 0
04:50:52 +0x63F0: 2304 -> 0
04:50:52 +0x6410: 2304 -> 0
04:50:52 +0x6430: 2304 -> 0
04:50:52 +0x6450: 2304 -> 0
04:50:52 +0x6470: 2304 -> 0
04:50:52 +0x6490: 2304 -> 0
04:50:52 +0x64B0: 2304 -> 0
04:50:52 +0x64D0: 2304 -> 0
04:50:52 +0x64F0: 2304 -> 0
04:50:52 +0x6510: 2304 -> 0
04:50:52 +0x6530: 2304 -> 0
04:50:52 +0x6550: 2304 -> 0
04:50:52 +0x6570: 2304 -> 0
04:50:52 +0x6590: 2304 -> 0
04:50:52 +0x65B0: 2304 -> 0
04:50:52 +0x65D0: 2304 -> 0
04:50:52 +0x65F0: 2304 -> 0
04:50:52 +0x6610: 2304 -> 0
04:50:52 +0x6630: 2304 -> 0
04:50:52 +0x6650: 2304 -> 0
04:50:52 +0x6670: 2304 -> 0
04:50:52 +0x6690: 2304 -> 0
04:50:52 +0x66B0: 2304 -> 0
04:50:52 +0x66D0: 2304 -> 0
04:50:52 +0x66F0: 2304 -> 0
04:50:52 +0x6710: 2304 -> 0
04:50:52 +0x6730: 2304 -> 0
04:50:52 +0x6750: 2304 -> 0
04:50:52 +0x6770: 2304 -> 0
04:50:52 +0x6790: 2304 -> 0
04:50:52 +0x67B0: 2304 -> 0
04:50:52 +0x67D0: 2304 -> 0
04:50:52 +0x67F0: 2304 -> 0
04:50:52 +0x6810: 2304 -> 0
04:50:52 +0x6830: 2304 -> 0
04:50:52 +0x6850: 2304 -> 0
04:50:52 +0x6870: 2304 -> 0
04:50:52 +0x6890: 2304 -> 0
04:50:52 +0x68B0: 2304 -> 0
04:50:52 +0x68D0: 2304 -> 0
04:50:52 +0x68F0: 2304 -> 0
04:50:52 +0x6910: 2304 -> 0
04:50:52 +0x6930: 2304 -> 0
04:50:52 +0x6950: 2304 -> 0
04:50:52 +0x6970: 2304 -> 0
04:50:52 +0x6990: 2304 -> 0
04:50:52 +0x69B0: 2304 -> 0
04:50:52 +0x69D0: 2304 -> 0
04:50:52 +0x69F0: 2304 -> 0
04:50:52 +0x6A10: 2304 -> 0
04:50:52 +0x6A30: 2304 -> 0
04:50:52 +0x6A50: 2304 -> 0
04:50:52 +0x6A70: 2304 -> 0
04:50:52 +0x6A90: 2304 -> 0
04:50:52 +0x6AB0: 2304 -> 0
04:50:52 +0x6AD0: 2304 -> 0
04:50:52 +0x6AF0: 2304 -> 0
04:50:52 +0x6B10: 2304 -> 0
04:50:52 +0x6B30: 2304 -> 0
04:50:52 +0x6B50: 2304 -> 0
04:50:52 +0x6B70: 2304 -> 0
04:50:52 +0x6B90: 2304 -> 0
04:50:52 +0x6BB0: 2304 -> 0
04:50:52 +0x6BD0: 2304 -> 0
04:50:52 +0x6BF0: 2304 -> 0
04:50:52 +0x6C10: 2304 -> 0
04:50:52 +0x6C30: 2304 -> 0
04:50:52 +0x6C50: 2304 -> 0
04:50:52 +0x6C70: 2304 -> 0
04:50:52 +0x6C90: 2304 -> 0
04:50:52 +0x6CB0: 2304 -> 0
04:50:52 +0x6CD0: 2304 -> 0
04:50:52 +0x6CF0: 2304 -> 0
04:50:52 +0x6D10: 2304 -> 0
04:50:52 +0x6D30: 2304 -> 0
04:50:52 +0x6D50: 2304 -> 0
04:50:52 +0x6D70: 2304 -> 0
04:50:52 +0x6D90: 2304 -> 0
04:50:52 +0x6DB0: 2304 -> 0
04:50:52 +0x6DD0: 2304 -> 0
04:50:52 +0x6DF0: 2304 -> 0
04:50:52 +0x6E10: 2304 -> 0
04:50:52 +0x6E30: 2304 -> 0
04:50:52 +0x6E50: 2304 -> 0
04:50:52 +0x6E70: 2304 -> 0
04:50:52 +0x6E90: 2304 -> 0
04:50:52 +0x6EB0: 2304 -> 0
04:50:52 +0x6ED0: 2304 -> 0
04:50:52 +0x6EF0: 2304 -> 0
04:50:52 +0x6F10: 2304 -> 0
04:50:52 +0x6F30: 2304 -> 0
04:50:52 +0x6F50: 2304 -> 0
04:50:52 +0x6F70: 2304 -> 0
04:50:52 +0x6F90: 2304 -> 0
04:50:52 +0x6FB0: 2304 -> 0
04:50:52 +0x6FD0: 2304 -> 0
04:50:52 +0x6FF0: 2304 -> 0
04:50:52 +0x7010: 2304 -> 0
04:50:52 +0x7030: 2304 -> 0
04:50:52 +0x7050: 2304 -> 0
04:50:52 +0x7070: 2304 -> 0
04:50:52 +0x7090: 2304 -> 0
04:50:52 +0x70B0: 2304 -> 0
04:50:52 +0x70D0: 2304 -> 0
04:50:52 +0x70F0: 2304 -> 0
04:50:52 +0x7110: 2304 -> 0
04:50:52 +0x7130: 2304 -> 0
04:50:52 +0x7150: 2304 -> 0
04:50:52 +0x7170: 2304 -> 0
04:50:52 +0x7190: 2304 -> 0
04:50:52 +0x71B0: 2304 -> 0
04:50:52 +0x71D0: 2304 -> 0
04:50:52 +0x71F0: 2304 -> 0
04:50:52 +0x7210: 2304 -> 0
04:50:52 +0x7230: 2304 -> 0
04:50:52 +0x7250: 2304 -> 0
04:50:52 +0x7270: 2304 -> 0
04:50:52 +0x7290: 2304 -> 0
04:50:52 +0x72B0: 2304 -> 0
04:50:52 +0x72D0: 2304 -> 0
04:50:52 +0x72F0: 2304 -> 0
04:50:52 +0x7310: 2304 -> 0
04:50:52 +0x7330: 2304 -> 0
04:50:52 +0x7350: 2304 -> 0
04:50:52 +0x7370: 2304 -> 0
04:50:52 +0x7390: 2304 -> 0
04:50:52 +0x73B0: 2304 -> 0
04:50:52 +0x73D0: 2304 -> 0
04:50:52 +0x73F0: 2304 -> 0
04:50:52 +0x7410: 2304 -> 0
04:50:52 +0x7430: 2304 -> 0
04:50:52 +0x7450: 2304 -> 0
04:50:52 +0x7470: 2304 -> 0
04:50:52 +0x7490: 2304 -> 0
04:50:52 +0x74B0: 2304 -> 0
04:50:52 +0x74D0: 2304 -> 0
04:50:52 +0x74F0: 2304 -> 0
04:50:52 +0x7510: 2304 -> 0
04:50:52 +0x7530: 2304 -> 0
04:50:52 +0x7550: 2304 -> 0
04:50:52 +0x7570: 2304 -> 0
04:50:52 +0x7590: 2304 -> 0
04:50:52 +0x75B0: 2304 -> 0
04:50:52 +0x75D0: 2304 -> 0
04:50:52 +0x75F0: 2304 -> 0
04:50:52 +0x7610: 2304 -> 0
04:50:52 +0x7630: 2304 -> 0
04:50:52 +0x7650: 2304 -> 0
04:50:52 +0x7670: 2304 -> 0
04:50:52 +0x7690: 2304 -> 0
04:50:52 +0x76B0: 2304 -> 0
04:50:52 +0x76D0: 2304 -> 0
04:50:52 +0x76F0: 2304 -> 0
04:50:52 +0x7710: 2304 -> 0
04:50:52 +0x7730: 2304 -> 0
04:50:52 +0x7750: 2304 -> 0
04:50:52 +0x7770: 2304 -> 0
04:50:52 +0x7790: 2304 -> 0
04:50:52 +0x77B0: 2304 -> 0
04:50:52 +0x77D0: 2304 -> 0
04:50:52 +0x77F0: 2304 -> 0
04:50:52 +0x7810: 2304 -> 0
04:50:52 +0x7830: 2304 -> 0
04:50:52 +0x7850: 2304 -> 0
04:50:52 +0x7870: 2304 -> 0
04:50:52 +0x7890: 2304 -> 0
04:50:52 +0x78B0: 2304 -> 0
04:50:52 +0x78D0: 2304 -> 0
04:50:52 +0x78F0: 2304 -> 0
04:50:52 +0x7910: 2304 -> 0
04:50:52 +0x7930: 2304 -> 0
04:50:52 +0x7950: 2304 -> 0
04:50:52 +0x7970: 2304 -> 0
04:50:52 +0x7990: 2304 -> 0
04:50:52 +0x79B0: 2304 -> 0
04:50:52 +0x79D0: 2304 -> 0
04:50:52 +0x79F0: 2304 -> 0
04:50:52 +0x7A10: 2304 -> 0
04:50:52 +0x7A30: 2304 -> 0
04:50:52 +0x7A50: 2304 -> 0
04:50:52 +0x7A70: 2304 -> 0
04:50:52 +0x7A90: 2304 -> 0
04:50:52 +0x7AB0: 2304 -> 0
04:50:52 +0x7AD0: 2304 -> 0
04:50:52 +0x7AF0: 2304 -> 0
04:50:52 +0x7B10: 2304 -> 0
04:50:52 +0x7B30: 2304 -> 0
04:50:52 +0x7B50: 2304 -> 0
04:50:52 +0x7B70: 2304 -> 0
04:50:52 +0x7B90: 2304 -> 0
04:50:52 +0x7BB0: 2304 -> 0
04:50:52 +0x7BD0: 2304 -> 0
04:50:52 +0x7BF0: 2304 -> 0
04:50:52 +0x7C10: 2304 -> 0
04:50:52 +0x7C30: 2304 -> 0
04:50:52 +0x7C50: 2304 -> 0
04:50:52 +0x7C70: 2304 -> 0
04:50:52 +0x7C90: 2304 -> 0
04:50:52 +0x7CB0: 2304 -> 0
04:50:52 +0x7CD0: 2304 -> 0
04:50:52 +0x7CF0: 2304 -> 0
04:50:52 +0x7D10: 2304 -> 0
04:50:52 +0x7D30: 2304 -> 0
04:50:52 +0x7D50: 2304 -> 0
04:50:52 +0x7D70: 2304 -> 0
04:50:52 +0x7D90: 2304 -> 0
04:50:52 +0x7DB0: 2304 -> 0
04:50:52 +0x7DD0: 2304 -> 0
04:50:52 +0x7DF0: 2304 -> 0
04:50:52 +0x7E10: 2304 -> 0
04:50:52 +0x7E30: 2304 -> 0
04:50:52 +0x7E50: 2304 -> 0
04:50:52 +0x7E70: 2304 -> 0
04:50:52 +0x7E90: 2304 -> 0
04:50:52 +0x7EB0: 2304 -> 0
04:50:52 +0x7ED0: 2304 -> 0
04:50:52 +0x7EF0: 2304 -> 0
04:50:52 +0x7F10: 2304 -> 0
04:50:52 +0x7F30: 2304 -> 0
04:50:52 +0x7F50: 2304 -> 0
04:50:52 +0x7F70: 2304 -> 0
04:50:52 +0x7F90: 2304 -> 0
04:50:52 +0x7FB0: 2304 -> 0
04:50:52 +0x7FD0: 2304 -> 0
04:50:52 +0x7FF0: 2304 -> 0
04:50:52 +0x8010: 2304 -> 0
04:50:52 +0x8030: 2304 -> 0
04:50:52 +0x8050: 2304 -> 0
04:50:52 +0x8070: 2304 -> 0
04:50:52 +0x8090: 2304 -> 0
04:50:52 +0x80B0: 2304 -> 0
04:50:52 +0x80D0: 2304 -> 0
04:50:52 +0x80F0: 2304 -> 0
04:50:52 +0x8110: 2304 -> 0
04:50:52 +0x8130: 2304 -> 0
04:50:52 +0x8150: 2304 -> 0
04:50:52 +0x8170: 2304 -> 0
04:50:52 +0x8190: 2304 -> 0
04:50:52 +0x81B0: 2304 -> 0
04:50:52 +0x81D0: 2304 -> 0
04:50:52 +0x81F0: 2304 -> 0
04:50:52 +0x8210: 2304 -> 0
04:50:52 +0x8230: 2304 -> 0
04:50:52 +0x8250: 2304 -> 0
04:50:52 +0x8270: 2304 -> 0
04:50:52 +0x8290: 2304 -> 0
04:50:52 +0x82B0: 2304 -> 0
04:50:52 +0x82D0: 2304 -> 0
04:50:52 +0x82F0: 2304 -> 0
04:50:52 +0x8310: 2304 -> 0
04:50:52 +0x8330: 2304 -> 0
04:50:52 +0x8350: 2304 -> 0
04:50:52 +0x8370: 2304 -> 0
04:50:52 +0x8390: 2304 -> 0
04:50:52 +0x83B0: 2304 -> 0
04:50:52 +0x83D0: 2304 -> 0
04:50:52 +0x83F0: 2304 -> 0
04:50:52 +0x8410: 2304 -> 0
04:50:52 +0x8430: 2304 -> 0
04:50:52 +0x8450: 2304 -> 0
04:50:52 +0x8470: 2304 -> 0
04:50:52 +0x8490: 2304 -> 0
04:50:52 +0x84B0: 2304 -> 0
04:50:52 +0x84D0: 2304 -> 0
04:50:52 +0x84F0: 2304 -> 0
04:50:52 +0x8510: 2304 -> 0
04:50:52 +0x8530: 2304 -> 0
04:50:52 +0x8550: 2304 -> 0
04:50:52 +0x8570: 2304 -> 0
04:50:52 +0x8590: 2304 -> 0
04:50:52 +0x85B0: 2304 -> 0
04:50:52 +0x85D0: 2304 -> 0
04:50:52 +0x85F0: 2304 -> 0
04:50:52 +0x8610: 2304 -> 0
04:50:52 +0x8630: 2304 -> 0
04:50:52 +0x8650: 2304 -> 0
04:50:52 +0x8670: 2304 -> 0
04:50:52 +0x8690: 2304 -> 0
04:50:52 +0x86B0: 2304 -> 0
04:50:52 +0x86D0: 2304 -> 0
04:50:52 +0x86F0: 2304 -> 0
04:50:52 +0x8710: 2304 -> 0
04:50:52 +0x8730: 2304 -> 0
04:50:52 +0x8750: 2304 -> 0
04:50:52 +0x8770: 2304 -> 0
04:50:52 +0x8790: 2304 -> 0
04:50:52 +0x87B0: 2304 -> 0
04:50:52 +0x87D0: 2304 -> 0
04:50:52 +0x87F0: 2304 -> 0
04:50:52 +0x8810: 2304 -> 0
04:50:52 +0x8830: 2304 -> 0
04:50:52 +0x8850: 2304 -> 0
04:50:52 +0x8870: 2304 -> 0
04:50:52 +0x8890: 2304 -> 0
04:50:52 +0x88B0: 2304 -> 0
04:50:52 +0x88D0: 2304 -> 0
04:50:52 +0x88F0: 2304 -> 0
04:50:52 +0x8910: 2304 -> 0
04:50:52 +0x8930: 2304 -> 0
04:50:52 +0x8950: 2304 -> 0
04:50:52 +0x8970: 2304 -> 0
04:50:52 +0x8990: 2304 -> 0
04:50:52 +0x89B0: 2304 -> 0
04:50:52 +0x89D0: 2304 -> 0
04:50:52 +0x89F0: 2304 -> 0
04:50:52 +0x8A10: 2304 -> 0
04:50:52 +0x8A30: 2304 -> 0
04:50:52 +0x8A50: 2304 -> 0
04:50:52 +0x8A70: 2304 -> 0
04:50:52 +0x8A90: 2304 -> 0
04:50:52 +0x8AB0: 2304 -> 0
04:50:52 +0x8AD0: 2304 -> 0
04:50:52 +0x8AF0: 2304 -> 0
04:50:52 +0x8B10: 2304 -> 0
04:50:52 +0x8B30: 2304 -> 0
04:50:52 +0x8B50: 2304 -> 0
04:50:52 +0x8B70: 2304 -> 0
04:50:52 +0x8B90: 2304 -> 0
04:50:52 +0x8BB0: 2304 -> 0
04:50:52 +0x8BD0: 2304 -> 0
04:50:52 +0x8BF0: 2304 -> 0
04:50:52 +0x8C10: 2304 -> 0
04:50:52 +0x8C30: 2304 -> 0
04:50:52 +0x8C50: 2304 -> 0
04:50:52 +0x8C70: 2304 -> 0
04:50:52 +0x8C90: 2304 -> 0
04:50:52 +0x8CB0: 2304 -> 0
04:50:52 +0x8CD0: 2304 -> 0
04:50:52 +0x8CF0: 2304 -> 0
04:50:52 +0x8D10: 2304 -> 0
04:50:52 +0x8D30: 2304 -> 0
04:50:52 +0x8D50: 2304 -> 0
04:50:52 +0x8D70: 2304 -> 0
04:50:52 +0x8D90: 2304 -> 0
04:50:52 +0x8DB0: 2304 -> 0
04:50:52 +0x8DD0: 2304 -> 0
04:50:52 +0x8DF0: 2304 -> 0
04:50:52 +0x8E10: 2304 -> 0
04:50:52 +0x8E30: 2304 -> 0
04:50:52 +0x8E50: 2304 -> 0
04:50:52 +0x8E70: 2304 -> 0
04:50:52 +0x8E90: 2304 -> 0
04:50:52 +0x8EB0: 2304 -> 0
04:50:52 +0x8ED0: 2304 -> 0
04:50:52 +0x8EF0: 2304 -> 0
04:50:52 +0x8F10: 2304 -> 0
04:50:52 +0x8F30: 2304 -> 0
04:50:52 +0x8F50: 2304 -> 0
04:50:52 +0x8F70: 2304 -> 0
04:50:52 +0x8F90: 2304 -> 0
04:50:52 +0x8FB0: 2304 -> 0
04:50:52 +0x8FD0: 2304 -> 0
04:50:52 +0x8FF0: 2304 -> 0
04:50:52 +0x9010: 2304 -> 0
04:50:52 +0x9030: 2304 -> 0
04:50:52 +0x9050: 2304 -> 0
04:50:52 +0x9070: 2304 -> 0
04:50:52 +0x9090: 2304 -> 0
04:50:52 +0x90B0: 2304 -> 0
04:50:52 +0x90D0: 2304 -> 0
04:50:52 +0x90F0: 2304 -> 0
04:50:52 +0x9110: 2304 -> 0
04:50:52 +0x9130: 2304 -> 0
04:50:52 +0x9150: 2304 -> 0
04:50:52 +0x9170: 2304 -> 0
04:50:52 +0x9190: 2304 -> 0
04:50:52 +0x91B0: 2304 -> 0
04:50:52 +0x91D0: 2304 -> 0
04:50:52 +0x91F0: 2304 -> 0
04:50:52 +0x9210: 2304 -> 0
04:50:52 +0x9230: 2304 -> 0
04:50:52 +0x9250: 2304 -> 0
04:50:52 +0x9270: 2304 -> 0
04:50:52 +0x9290: 2304 -> 0
04:50:52 +0x92B0: 2304 -> 0
04:50:52 +0x92D0: 2304 -> 0
04:50:52 +0x92F0: 2304 -> 0
04:50:52 +0x9310: 2304 -> 0
04:50:52 +0x9330: 2304 -> 0
04:50:52 +0x9350: 2304 -> 0
04:50:52 +0x9370: 2304 -> 0
04:50:52 +0x9390: 2304 -> 0
04:50:52 +0x93B0: 2304 -> 0
04:50:52 +0x93D0: 2304 -> 0
04:50:52 +0x93F0: 2304 -> 0
04:50:52 +0x9410: 2304 -> 0
04:50:52 +0x9430: 2304 -> 0
04:50:52 +0x9450: 2304 -> 0
04:50:52 +0x9470: 2304 -> 0
04:50:52 +0x9490: 2304 -> 0
04:50:52 +0x94B0: 2304 -> 0
04:50:52 +0x94D0: 2304 -> 0
04:50:52 +0x94F0: 2304 -> 0
04:50:52 +0x9510: 2304 -> 0
04:50:52 +0x9530: 2304 -> 0
04:50:52 +0x9550: 2304 -> 0
04:50:52 +0x9570: 2304 -> 0
04:50:52 +0x9590: 2304 -> 0
04:50:52 +0x95B0: 2304 -> 0
04:50:52 +0x95D0: 2304 -> 0
04:50:52 +0x95F0: 2304 -> 0
04:50:52 +0x9610: 2304 -> 0
04:50:52 +0x9630: 2304 -> 0
04:50:52 +0x9650: 2304 -> 0
04:50:52 +0x9670: 2304 -> 0
04:50:52 +0x9690: 2304 -> 0
04:50:52 +0x96B0: 2304 -> 0
04:50:52 +0x96D0: 2304 -> 0
04:50:52 +0x96F0: 2304 -> 0
04:50:52 +0x9710: 2304 -> 0
04:50:52 +0x9730: 2304 -> 0
04:50:52 +0x9750: 2304 -> 0
04:50:52 +0x9770: 2304 -> 0
04:50:52 +0x9790: 2304 -> 0
04:50:52 +0x97B0: 2304 -> 0
04:50:52 +0x97D0: 2304 -> 0
04:50:52 +0x97F0: 2304 -> 0
04:50:52 +0x9810: 2304 -> 0
04:50:52 +0x9830: 2304 -> 0
04:50:52 +0x9850: 2304 -> 0
04:50:52 +0x9870: 2304 -> 0
04:50:52 +0x9890: 2304 -> 0
04:50:52 +0x98B0: 2304 -> 0
04:50:52 +0x98D0: 2304 -> 0
04:50:52 +0x98F0: 2304 -> 0
04:50:52 +0x9910: 2304 -> 0
04:50:52 +0x9930: 2304 -> 0
04:50:52 +0x9950: 2304 -> 0
04:50:52 +0x9970: 2304 -> 0
04:50:52 +0x9990: 2304 -> 0
04:50:52 +0x99B0: 2304 -> 0
04:50:52 +0x99D0: 2304 -> 0
04:50:52 +0x99F0: 2304 -> 0
04:50:52 +0x9A10: 2304 -> 0
04:50:52 +0x9A30: 2304 -> 0
04:50:52 +0x9A50: 2304 -> 0
04:50:52 +0x9A70: 2304 -> 0
04:50:52 +0x9A90: 2304 -> 0
04:50:52 +0x9AB0: 2304 -> 0
04:50:52 +0x9AD0: 2304 -> 0
04:50:52 +0x9AF0: 2304 -> 0
04:50:52 +0x9B10: 2304 -> 0
04:50:52 +0x9B30: 2304 -> 0
04:50:52 +0x9B50: 2304 -> 0
04:50:52 +0x9B70: 2304 -> 0
04:50:52 +0x9B90: 2304 -> 0
04:50:52 +0x9BB0: 2304 -> 0
04:50:52 +0x9BD0: 2304 -> 0
04:50:52 +0x9BF0: 2304 -> 0
04:50:52 +0x9C10: 2304 -> 0
04:50:52 +0x9C30: 2304 -> 0
04:50:52 +0x9C50: 2304 -> 0
04:50:52 +0x9C70: 2304 -> 0
04:50:52 +0x9C90: 2304 -> 0
04:50:52 +0x9CB0: 2304 -> 0
04:50:52 +0x9CD0: 2304 -> 0
04:50:52 +0x9CF0: 2304 -> 0
04:50:52 +0xF42C: 12708 -> 0
04:50:52 +0xF430: 1929 -> 0
04:50:52 +0xF438: 28361 -> 0
04:50:52 +0xF43C: 1950 -> 0
04:50:52 +0xF45C: 19768 -> 0
04:50:52 +0xF468: 11951 -> 0
04:50:52 +0xF46C: 1950 -> 0
04:50:52 +0xF48C: 20688 -> 0
04:50:52 +0xF498: 15327 -> 0
04:50:52 +0xF49C: 1950 -> 0
04:50:52 +0xF4BC: 28007 -> 0
04:50:52 +0xF4C8: 777 -> 0
04:50:52 +0xF4CC: 1950 -> 0
04:50:52 +0x109A0: 1212371267 -> 0
04:50:52 +0x109A4: 70605585 -> 0
04:50:52 +0x109A8: 62758585 -> 0
04:50:52 +0x109AC: 94015658 -> 0
04:50:52 +0x109B0: 23902519 -> 0
04:50:52 +0x109B4: 22954738 -> 0
04:50:52 +0x109B8: 59329746 -> 0
04:50:52 +0x109BC: 137144179 -> 0
04:50:52 +0x109C0: 23660268 -> 0
04:50:52 +0x109C4: 66249446 -> 0
04:50:52 +0x109C8: 100910228 -> 0
04:50:52 +0x109CC: 67193071 -> 0
04:50:52 +0x109D0: 123208161 -> 0
04:50:52 +0x109D4: 26556962 -> 0
04:50:52 +0x109D8: 136488140 -> 0
04:50:52 +0x109DC: 118661913 -> 0
04:50:52 +0x109E0: 104698530 -> 0
04:50:52 +0x109E4: 167986966 -> 0
04:50:52 +0x109E8: 29610217 -> 0
04:50:52 +0x109EC: 143910992 -> 0
04:50:52 +0x109F0: 83873628 -> 0
04:50:52 +0x109F4: 199427524 -> 0
04:50:52 +0x109F8: 171907506 -> 0
04:50:52 +0x109FC: 124836236 -> 0
04:50:52 +0x10A00: 154051463 -> 0
04:50:52 +0x10A04: 60905518 -> 0
04:50:52 +0x10A08: -1 -> 0
04:50:52 +0x10A0C: -1 -> 0
04:50:52 +0x10A10: -1 -> 0
04:50:52 +0x10A14: -1 -> 0
04:50:52 +0x10A18: -1 -> 0
04:50:52 +0x10A1C: -1 -> 0
04:50:52 +0x10A20: -1 -> 0
04:50:52 +0x10A24: -1 -> 0
04:50:52 +0x10A28: -1 -> 0
04:50:52 +0x10A2C: -1 -> 0
04:50:52 +0x10A30: -1 -> 0
04:50:52 +0x10A34: -1 -> 0
04:50:52 +0x10A38: -1 -> 0
04:50:52 +0x10A3C: -1 -> 0
04:50:52 +0x10A40: -1 -> 0
04:50:52 +0x10A44: -1 -> 0
04:50:52 +0x10A48: -1 -> 0
04:50:52 +0x10A4C: -1 -> 0
04:50:52 +0x10A50: -1 -> 0
04:50:52 +0x10A54: -1 -> 0
04:50:52 +0x10A58: -1 -> 0
04:50:52 +0x10A5C: -1 -> 0
04:50:52 +0x10A60: -1 -> 0
04:50:52 +0x10A64: -1 -> 0
04:50:52 +0x10A68: -1 -> 0
04:50:52 +0x10A6C: -1 -> 0
04:50:52 +0x10A70: -1 -> 0
04:50:52 +0x10A74: -1 -> 0
04:50:52 +0x10A78: -1 -> 0
04:50:52 +0x10A7C: -1 -> 0
04:50:52 +0x10A80: -1 -> 0
04:50:52 +0x10A84: -1 -> 0
04:50:52 +0x10A88: -1 -> 0
04:50:52 +0x10A8C: -1 -> 0
04:50:52 +0x10A90: -1 -> 0
04:50:52 +0x10A94: -1 -> 0
04:50:52 +0x10A98: -1 -> 0
04:50:52 +0x10A9C: -1 -> 0
04:50:52 +0x10AA0: -1 -> 0
04:50:52 +0x10AA4: -1 -> 0
04:50:52 +0x10AA8: -1 -> 0
04:50:52 +0x10AAC: -1 -> 0
04:50:52 +0x10AB0: -1 -> 0
04:50:52 +0x10AB4: -1 -> 0
04:50:52 +0x10AB8: -1 -> 0
04:50:52 +0x10ABC: -1 -> 0
04:50:52 +0x10AC0: -1 -> 0
04:50:52 +0x10AC4: -1 -> 0
04:50:52 +0x10AC8: -1 -> 0
04:50:52 +0x10ACC: -1 -> 0
04:50:52 +0x10AD0: -1 -> 0
04:50:52 +0x10AD4: -1 -> 0
04:50:52 +0x10AD8: -1 -> 0
04:50:52 +0x10ADC: -1 -> 0
04:50:52 +0x10AE0: -1 -> 0
04:50:52 +0x10AE4: -1 -> 0
04:50:52 +0x10AE8: -1 -> 0
04:50:52 +0x10AEC: -1 -> 0
04:50:52 +0x10AF0: -1 -> 0
04:50:52 +0x10AF4: -1 -> 0
04:50:52 +0x10AF8: -1 -> 0
04:50:52 +0x10AFC: -1 -> 0
04:50:52 +0x10B00: -1 -> 0
04:50:52 +0x10B04: -1 -> 0
04:50:52 +0x10B08: -1 -> 0
04:50:52 +0x10B0C: -1 -> 0
04:50:52 +0x10B10: -1 -> 0
04:50:52 +0x10B14: -1 -> 0
04:50:52 +0x10B18: -1 -> 0
04:50:52 +0x10B1C: -1 -> 0
04:50:52 +0x10B20: -1 -> 0
04:50:52 +0x10B24: -1 -> 0
04:50:52 +0x10B28: -1 -> 0
04:50:52 +0x10B2C: -1 -> 0
04:50:52 +0x10B30: -1 -> 0
04:50:52 +0x10B34: -1 -> 0
04:50:52 +0x10B38: -1 -> 0
04:50:52 +0x10B3C: -1 -> 0
04:50:52 +0x10B40: -1 -> 0
04:50:52 +0x10B44: -1 -> 0
04:50:52 +0x10B48: -1 -> 0
04:50:52 +0x10B4C: -1 -> 0
04:50:52 +0x10B50: -1 -> 0
04:50:52 +0x10B54: -1 -> 0
04:50:52 +0x10B58: -1 -> 0
04:50:52 +0x10B5C: -1 -> 0
04:50:52 +0x10B60: -1 -> 0
04:50:52 +0x10B64: -1 -> 0
04:50:52 +0x10B68: -1 -> 0
04:50:52 +0x10B6C: -1 -> 0
04:50:52 +0x10B70: -1 -> 0
04:50:52 +0x10B74: -1 -> 0
04:50:52 +0x10B78: -1 -> 0
04:50:52 +0x10B7C: -1 -> 0
04:50:52 +0x10B80: -1 -> 0
04:50:52 +0x10B84: -1 -> 0
04:50:52 +0x10B88: -1 -> 0
04:50:52 +0x10B8C: -1 -> 0
04:50:52 +0x10B90: -1 -> 0
04:50:52 +0x10B94: -1 -> 0
04:50:52 +0x10B98: -1 -> 0
04:50:52 +0x10B9C: -1 -> 0
04:50:52 +0x10BA0: -1 -> 0
04:50:52 +0x10BA4: 70605585 -> 0
04:50:52 +0x10BA8: 62758585 -> 0
04:50:52 +0x10BAC: 94015658 -> 0
04:50:52 +0x10BB0: 23902519 -> 0
04:50:52 +0x10BB4: 22954738 -> 0
04:50:52 +0x10BB8: 59329746 -> 0
04:50:52 +0x10BBC: 137144179 -> 0
04:50:52 +0x10BC0: 23660268 -> 0
04:50:52 +0x10BC4: 66249446 -> 0
04:50:52 +0x10BC8: 100910228 -> 0
04:50:52 +0x10BCC: 67193071 -> 0
04:50:52 +0x10BD0: 123208161 -> 0
04:50:52 +0x10BD4: 26556962 -> 0
04:50:52 +0x10BD8: 136488140 -> 0
04:50:52 +0x10BDC: 118661913 -> 0
04:50:52 +0x10BE0: 104698530 -> 0
04:50:52 +0x10BE4: 167986966 -> 0
04:50:52 +0x10BE8: 29610217 -> 0
04:50:52 +0x10BEC: 143910992 -> 0
04:50:52 +0x10BF0: 83873628 -> 0
04:50:52 +0x10BF4: 199427524 -> 0
04:50:52 +0x10BF8: 171907506 -> 0
04:50:52 +0x10BFC: 124836236 -> 0
04:50:52 +0x10C00: 154051463 -> 0
04:50:52 +0x10C04: 60905518 -> 0
04:50:52 +0x10C08: -1 -> 0
04:50:52 +0x10C0C: -1 -> 0
04:50:52 +0x10C10: -1 -> 0
04:50:52 +0x10C14: -1 -> 0
04:50:52 +0x10C18: -1 -> 0
04:50:52 +0x10C1C: -1 -> 0
04:50:52 +0x10C20: -1 -> 0
04:50:52 +0x10C24: -1 -> 0
04:50:52 +0x10C28: -1 -> 0
04:50:52 +0x10C2C: -1 -> 0
04:50:52 +0x10C30: -1 -> 0
04:50:52 +0x10C34: -1 -> 0
04:50:52 +0x10C38: -1 -> 0
04:50:52 +0x10C3C: -1 -> 0
04:50:52 +0x10C40: -1 -> 0
04:50:52 +0x10C44: -1 -> 0
04:50:52 +0x10C48: -1 -> 0
04:50:52 +0x10C4C: -1 -> 0
04:50:52 +0x10C50: -1 -> 0
04:50:52 +0x10C54: -1 -> 0
04:50:52 +0x10C58: -1 -> 0
04:50:52 +0x10C5C: -1 -> 0
04:50:52 +0x10C60: -1 -> 0
04:50:52 +0x10C64: -1 -> 0
04:50:52 +0x10C68: -1 -> 0
04:50:52 +0x10C6C: -1 -> 0
04:50:52 +0x10C70: -1 -> 0
04:50:52 +0x10C74: -1 -> 0
04:50:52 +0x10C78: -1 -> 0
04:50:52 +0x10C7C: -1 -> 0
04:50:52 +0x10C80: -1 -> 0
04:50:52 +0x10C84: -1 -> 0
04:50:52 +0x10C88: -1 -> 0
04:50:52 +0x10C8C: -1 -> 0
04:50:52 +0x10C90: -1 -> 0
04:50:52 +0x10C94: -1 -> 0
04:50:52 +0x10C98: -1 -> 0
04:50:52 +0x10C9C: -1 -> 0
04:50:52 +0x10CA0: -1 -> 0
04:50:52 +0x10CA4: -1 -> 0
04:50:52 +0x10CA8: -1 -> 0
04:50:52 +0x10CAC: -1 -> 0
04:50:52 +0x10CB0: -1 -> 0
04:50:52 +0x10CB4: -1 -> 0
04:50:52 +0x10CB8: -1 -> 0
04:50:52 +0x10CBC: -1 -> 0
04:50:52 +0x10CC0: -1 -> 0
04:50:52 +0x10CC4: -1 -> 0
04:50:52 +0x10CC8: -1 -> 0
04:50:52 +0x10CCC: -1 -> 0
04:50:52 +0x10CD0: -1 -> 0
04:50:52 +0x10CD4: -1 -> 0
04:50:52 +0x10CD8: -1 -> 0
04:50:52 +0x10CDC: -1 -> 0
04:50:52 +0x10CE0: -1 -> 0
04:50:52 +0x10CE4: -1 -> 0
04:50:52 +0x10CE8: -1 -> 0
04:50:52 +0x10CEC: -1 -> 0
04:50:52 +0x10CF0: -1 -> 0
04:50:52 +0x10CF4: -1 -> 0
04:50:52 +0x10CF8: -1 -> 0
04:50:52 +0x10CFC: -1 -> 0
04:50:52 +0x10D00: -1 -> 0
04:50:52 +0x10D04: -1 -> 0
04:50:52 +0x10D08: -1 -> 0
04:50:52 +0x10D0C: -1 -> 0
04:50:52 +0x10D10: -1 -> 0
04:50:52 +0x10D14: -1 -> 0
04:50:52 +0x10D18: -1 -> 0
04:50:52 +0x10D1C: -1 -> 0
04:50:52 +0x10D20: -1 -> 0
04:50:52 +0x10D24: -1 -> 0
04:50:52 +0x10D28: -1 -> 0
04:50:52 +0x10D2C: -1 -> 0
04:50:52 +0x10D30: -1 -> 0
04:50:52 +0x10D34: -1 -> 0
04:50:52 +0x10D38: -1 -> 0
04:50:52 +0x10D3C: -1 -> 0
04:50:52 +0x10D40: -1 -> 0
04:50:52 +0x10D44: -1 -> 0
04:50:52 +0x10D48: -1 -> 0
04:50:52 +0x10D4C: -1 -> 0
04:50:52 +0x10D50: -1 -> 0
04:50:52 +0x10D54: -1 -> 0
04:50:52 +0x10D58: -1 -> 0
04:50:52 +0x10D5C: -1 -> 0
04:50:52 +0x10D60: -1 -> 0
04:50:52 +0x10D64: -1 -> 0
04:50:52 +0x10D68: -1 -> 0
04:50:52 +0x10D6C: -1 -> 0
04:50:52 +0x10D70: -1 -> 0
04:50:52 +0x10D74: -1 -> 0
04:50:52 +0x10D78: -1 -> 0
04:50:52 +0x10D7C: -1 -> 0
04:50:52 +0x10D80: -1 -> 0
04:50:52 +0x10D84: -1 -> 0
04:50:52 +0x10D88: -1 -> 0
04:50:52 +0x10D8C: -1 -> 0
04:50:52 +0x10D90: -1 -> 0
04:50:52 +0x10D94: -1 -> 0
04:50:52 +0x10D98: -1 -> 0
04:50:52 +0x10D9C: -1 -> 0
04:50:52 +0x10DA0: -1 -> 0
04:50:52 +0x149A0: 1001 -> 0
04:50:52 +0x149A4: 1 -> 0
04:50:52 +0x149A8: 5 -> 0
04:50:52 +0x149C0: 4 -> 0
04:50:52 +0x149C8: 2 -> 0
04:50:52 +0x149D0: 4 -> 0
04:50:52 +0x149D8: 2 -> 0
04:50:52 +0x149E0: 4 -> 0
04:50:52 +0x149E8: 2 -> 0
04:50:52 +0x149F0: 4 -> 0
04:50:52 +0x149F8: 2 -> 0
04:50:52 +0x14A08: 3 -> 0
04:50:52 +0x14A10: 6 -> 0
04:50:52 +0x14A18: 3 -> 0
04:50:52 +0x14A20: 6 -> 0
04:50:52 +0x14A28: 3 -> 0
04:50:52 +0x14A30: 6 -> 0
04:50:52 +0x14A38: 3 -> 0
04:50:52 +0x14A40: 6 -> 0
04:50:52 +0x14A48: 3 -> 0
04:50:52 +0x14A58: 3 -> 0
04:50:52 +0x14A60: 8 -> 0
04:50:52 +0x14A68: 3 -> 0
04:50:52 +0x14A70: 8 -> 0
04:50:52 +0x14A78: 3 -> 0
04:50:52 +0x14A80: 8 -> 0
04:50:52 +0x14A88: 3 -> 0
04:50:52 +0x14A90: 8 -> 0
04:50:52 +0x14A98: 3 -> 0
04:50:52 +0x14AA0: 8 -> 0
04:50:52 +0x14AA8: 3 -> 0
04:50:52 +0x14AB0: 8 -> 0
04:50:52 +0x14AB8: 3 -> 0
04:50:52 +0x14AC8: 3 -> 0
04:50:52 +0x14AD0: 12 -> 0
04:50:52 +0x14AD8: 3 -> 0
04:50:52 +0x14AE0: 12 -> 0
04:50:52 +0x14AE8: 3 -> 0
04:50:52 +0x14AF0: 12 -> 0
04:50:52 +0x14AF8: 3 -> 0
04:50:52 +0x14B00: 12 -> 0
04:50:52 +0x14B08: 3 -> 0
04:50:52 +0x14B10: 12 -> 0
04:50:52 +0x14B18: 3 -> 0
04:50:52 +0x14B20: 12 -> 0
04:50:52 +0x14B28: 3 -> 0
04:50:52 +0x14B38: 3 -> 0
04:50:52 +0x14B48: 1 -> 0
04:50:52 +0x14B50: 14 -> 0
04:50:52 +0x14B58: 3 -> 0
04:50:52 +0x14B68: 1 -> 0
04:50:52 +0x14B78: 1 -> 0
04:50:52 +0x14B88: 1 -> 0
04:50:52 +0x14B98: 1 -> 0
04:50:52 +0x151B0: 2001 -> 0
04:50:52 +0x151B4: 1 -> 0
04:50:52 +0x151B8: 5 -> 0
04:50:52 +0x159C0: 3001 -> 0
04:50:52 +0x159C4: 1 -> 0
04:50:52 +0x159C8: 5 -> 0
04:50:52 +0x161D0: 4001 -> 0
04:50:52 +0x161D4: 1 -> 0
04:50:52 +0x161D8: 5 -> 0
04:50:52 +0x169E0: 1002 -> 0
04:50:52 +0x169E4: 1 -> 0
04:50:52 +0x169E8: 5 -> 0
04:50:52 +0x171F0: 1003 -> 0
04:50:52 +0x171F8: 5 -> 0
04:50:52 +0x17A00: 1004 -> 0
04:50:52 +0x17A08: 5 -> 0
04:50:52 +0x18210: 1005 -> 0
04:50:52 +0x18218: 5 -> 0
04:50:52 +0x18A20: 1006 -> 0
04:50:52 +0x18A28: 5 -> 0
04:50:52 +0x19230: 2002 -> 0
04:50:52 +0x19238: 5 -> 0
04:50:52 +0x19A40: 2003 -> 0
04:50:52 +0x19A48: 5 -> 0
04:50:52 +0x1A250: 2004 -> 0
04:50:52 +0x1A258: 5 -> 0
04:50:52 +0x1AA60: 2005 -> 0
04:50:52 +0x1AA68: 5 -> 0
04:50:52 +0x1B270: 2006 -> 0
04:50:52 +0x1B278: 5 -> 0
04:50:52 +0x1BA80: 3002 -> 0
04:50:52 +0x1BA88: 5 -> 0
04:50:52 +0x1C290: 3003 -> 0
04:50:52 +0x1C298: 5 -> 0
04:50:52 +0x1CAA0: 3004 -> 0
04:50:52 +0x1CAA8: 5 -> 0
04:50:52 +0x1D2B0: 3005 -> 0
04:50:52 +0x1D2B8: 5 -> 0
04:50:52 +0x1DAC0: 3006 -> 0
04:50:52 +0x1DAC8: 5 -> 0
04:50:52 +0x1E2D0: 4002 -> 0
04:50:52 +0x1E2D8: 5 -> 0
04:50:52 +0x1EAE0: 4003 -> 0
04:50:52 +0x1EAE8: 5 -> 0
04:50:52 +0x1F2F0: 4004 -> 0
04:50:52 +0x1F2F8: 5 -> 0
04:50:52 +0x1FB00: 4005 -> 0
04:50:52 +0x1FB08: 5 -> 0
04:50:52 +0x20310: 4006 -> 0
04:50:52 +0x20318: 5 -> 0
04:50:52 +0x20B20: 5001 -> 0
04:50:52 +0x20B28: 5 -> 0
04:50:52 +0x21330: 6001 -> 0
04:50:52 +0x21338: 5 -> 0
04:50:52 +0x21B40: 3423 -> 0
04:50:52 +0x21B48: 1 -> 0
04:50:52 +0x22350: 6608 -> 0
04:50:52 +0x22358: 1 -> 0
04:50:52 +0x22B60: 1871 -> 0
04:50:52 +0x22B68: 1 -> 0
04:50:52 +0x23370: 3934 -> 0
04:50:52 +0x23378: 1 -> 0
04:50:52 +0x23B80: 8181 -> 0
04:50:52 +0x23B88: 1 -> 0
04:50:52 +0x24390: 3431 -> 0
04:50:52 +0x24398: 1 -> 0
04:50:52 +0x24BA0: 9579 -> 0
04:50:52 +0x24BA8: 1 -> 0
04:50:52 +0x34DB4: 65536 -> 0
04:50:52 +0x34E20: 1 -> 0
04:50:52 +0x34E48: 65536 -> 0
04:50:52 +0x34E70: 65536 -> 0
04:50:52 +0x34EB4: 196608 -> 0
04:50:52 +0x34ECC: 65536 -> 0
04:50:52 +0x34ED0: 1 -> 0
04:50:52 +0x34F44: 65536 -> 0
04:50:52 +0x352C4: 51 -> 0
04:50:52 +0x352D4: 6 -> 0
04:50:52 +0x355A0: 1791114661 -> 0
04:50:52 +0x355A8: 9010 -> 0
04:50:52 +0x355AC: 1 -> 0
04:50:52 +0x355B0: 8 -> 0
04:50:52 +0x355B8: 1791114661 -> 0
04:50:52 +0x355C0: 9051 -> 0
04:50:52 +0x355C4: 2 -> 0
04:50:52 +0x355C8: 9 -> 0
04:50:52 +0x355D0: 1791114661 -> 0
04:50:52 +0x355D8: 9005 -> 0
04:50:52 +0x355DC: 2 -> 0
04:50:52 +0x355E0: 8 -> 0
04:50:52 +0x355E8: 1791114661 -> 0
04:50:52 +0x355F0: 9052 -> 0
04:50:52 +0x355F4: 1 -> 0
04:50:52 +0x355F8: 9 -> 0
04:50:52 +0x35600: 1791114661 -> 0
04:50:52 +0x35608: 9043 -> 0
04:50:52 +0x3560C: 1 -> 0
04:50:52 +0x35610: 8 -> 0
04:50:52 +0x35618: 1791114661 -> 0
04:50:52 +0x35620: 9053 -> 0
04:50:52 +0x35624: 1 -> 0
04:50:52 +0x35628: 9 -> 0
04:50:52 +0x35630: 1791407014 -> 0
04:50:52 +0x35638: 20 -> 0
04:50:52 +0x3563C: 40494 -> 0
04:50:52 +0x35640: 1 -> 0
04:50:52 +0x35648: 1791401023 -> 0
04:50:52 +0x35650: 1 -> 0
04:50:52 +0x35654: 99 -> 0
04:50:52 +0x35660: 1791404006 -> 0
04:50:52 +0x35668: 2 -> 0
04:50:52 +0x3566C: 62 -> 0
04:50:52 +0x35678: 1791114661 -> 0
04:50:52 +0x35680: 22 -> 0
04:50:52 +0x35684: 50 -> 0
04:50:52 +0x35690: 1791405256 -> 0
04:50:52 +0x35698: 3 -> 0
04:50:52 +0x3569C: 91 -> 0
04:50:52 +0x356A8: 1791404962 -> 0
04:50:52 +0x356B0: 6 -> 0
04:50:52 +0x356B4: 55 -> 0
04:50:52 +0x356C0: 1791405259 -> 0
04:50:52 +0x356C8: 7 -> 0
04:50:52 +0x356CC: 79 -> 0
04:50:52 +0x356D8: 1791404600 -> 0
04:50:52 +0x356E0: 21 -> 0
04:50:52 +0x356E4: 51 -> 0
04:50:52 +0x356F0: 1791114661 -> 0
04:50:52 +0x356F8: 19 -> 0
04:50:52 +0x356FC: 50 -> 0
04:50:52 +0x35708: 1791114661 -> 0
04:50:52 +0x35710: 8 -> 0
04:50:52 +0x35714: 50 -> 0
04:50:52 +0x35720: 1791114661 -> 0
04:50:52 +0x35728: 11 -> 0
04:50:52 +0x3572C: 50 -> 0
04:50:52 +0x35738: 1791407367 -> 0
04:50:52 +0x35740: 13 -> 0
04:50:52 +0x35744: 79 -> 0
04:50:52 +0x35750: 1791115030 -> 0
04:50:52 +0x35758: 9055 -> 0
04:50:52 +0x3575C: 1 -> 0
04:50:52 +0x35760: 8 -> 0
04:50:52 +0x35768: 1791115032 -> 0
04:50:52 +0x35770: 9056 -> 0
04:50:52 +0x35774: 1 -> 0
04:50:52 +0x35778: 8 -> 0
04:50:52 +0x35780: 1791115032 -> 0
04:50:52 +0x35788: 9057 -> 0
04:50:52 +0x3578C: 1 -> 0
04:50:52 +0x35790: 8 -> 0
04:50:52 +0x35798: 1791115033 -> 0
04:50:52 +0x357A0: 9058 -> 0
04:50:52 +0x357A4: 1 -> 0
04:50:52 +0x357A8: 9 -> 0
04:50:52 +0x357B0: 1791115034 -> 0
04:50:52 +0x357B8: 9059 -> 0
04:50:52 +0x357BC: 1 -> 0
04:50:52 +0x357C0: 9 -> 0
04:50:52 +0x357C8: 1791115035 -> 0
04:50:52 +0x357D0: 9045 -> 0
04:50:52 +0x357D4: 1 -> 0
04:50:52 +0x357D8: 9 -> 0
04:50:52 +0x357E0: 1791401023 -> 0
04:50:52 +0x357E8: 9024 -> 0
04:50:52 +0x357EC: 4 -> 0
04:50:52 +0x357F0: 9 -> 0
04:50:52 +0x357F8: 1791401885 -> 0
04:50:52 +0x35800: 5 -> 0
04:50:52 +0x35804: 4 -> 0
04:50:52 +0x35810: 1791404905 -> 0
04:50:52 +0x35818: 118 -> 0
04:50:52 +0x3581C: 2 -> 0
04:50:52 +0x35820: 2 -> 0
04:50:52 +0x35828: 1791303469 -> 0
04:50:52 +0x35830: 144 -> 0
04:50:52 +0x35838: 2 -> 0
04:50:52 +0x35840: 1791304023 -> 0
04:50:52 +0x35848: 9 -> 0
04:50:52 +0x3584C: 12 -> 0
04:50:52 +0x35858: 1791303671 -> 0
04:50:52 +0x35860: 9017 -> 0
04:50:52 +0x35864: 1 -> 0
04:50:52 +0x35868: 9 -> 0
04:50:52 +0x35870: 1791398256 -> 0
04:50:52 +0x35878: 9002 -> 0
04:50:52 +0x3587C: 3 -> 0
04:50:52 +0x35880: 8 -> 0
04:50:52 +0x35888: 1791304045 -> 0
04:50:52 +0x35890: 10 -> 0
04:50:52 +0x35894: 8 -> 0
04:50:52 +0x358A0: 1791305058 -> 0
04:50:52 +0x358A8: 300 -> 0
04:50:52 +0x358AC: 1 -> 0
04:50:52 +0x358B0: 10 -> 0
04:50:52 +0x358B8: 1791392735 -> 0
04:50:52 +0x358C0: 257 -> 0
04:50:52 +0x358C4: 1 -> 0
04:50:52 +0x358C8: 10 -> 0
04:50:52 +0x358D0: 1791397334 -> 0
04:50:52 +0x358D8: 260 -> 0
04:50:52 +0x358DC: 1 -> 0
04:50:52 +0x358E0: 10 -> 0
04:50:52 +0x358E8: 1791404991 -> 0
04:50:52 +0x358F0: 9040 -> 0
04:50:52 +0x358F4: 3 -> 0
04:50:52 +0x358F8: 8 -> 0
04:50:52 +0x35900: 1791399526 -> 0
04:50:52 +0x35908: 122 -> 0
04:50:52 +0x3590C: 1 -> 0
04:50:52 +0x35910: 2 -> 0
04:50:52 +0x35918: 1791404962 -> 0
04:50:52 +0x35920: 18 -> 0
04:50:52 +0x35924: 4 -> 0
04:50:52 +0x35930: 1791404208 -> 0
04:50:52 +0x35938: 258 -> 0
04:50:52 +0x3593C: 1 -> 0
04:50:52 +0x35940: 10 -> 0
04:50:52 +0x35948: 1791404913 -> 0
04:50:52 +0x35950: 123 -> 0
04:50:52 +0x35954: 1 -> 0
04:50:52 +0x35958: 2 -> 0
04:50:52 +0x35960: 1791405896 -> 0
04:50:52 +0x35968: 9033 -> 0
04:50:52 +0x3596C: 1 -> 0
04:50:52 +0x35970: 9 -> 0
04:50:52 +0x35978: 1791409530 -> 0
04:50:52 +0x35980: 111 -> 0
04:50:52 +0x35988: 2 -> 0
04:50:52 +0x35998: -1 -> 0
04:50:52 +0x359B0: -1 -> 0
04:50:52 +0x359C8: -1 -> 0
04:50:52 +0x359E0: -1 -> 0
04:50:52 +0x359F8: -1 -> 0
04:50:52 +0x35A10: -1 -> 0
04:50:52 +0x35A28: -1 -> 0
04:50:52 +0x35A40: -1 -> 0
04:50:52 +0x35A58: -1 -> 0
04:50:52 +0x35A70: -1 -> 0
04:50:52 +0x35A88: -1 -> 0
04:50:52 +0x35AA0: -1 -> 0
04:50:52 +0x35AB8: -1 -> 0
04:50:52 +0x35AD0: -1 -> 0
04:50:52 +0x35AE8: -1 -> 0
04:50:52 +0x35B00: -1 -> 0
04:50:52 +0x35B18: -1 -> 0
04:50:52 +0x35B30: -1 -> 0
04:50:52 +0x35B48: -1 -> 0
04:50:52 +0x35B60: -1 -> 0
04:50:52 +0x35B78: -1 -> 0
04:50:52 +0x35B90: -1 -> 0
04:50:52 +0x35BA8: -1 -> 0
04:50:52 +0x35BC0: -1 -> 0
04:50:52 +0x35BD8: -1 -> 0
04:50:52 +0x35BF0: -1 -> 0
04:50:52 +0x35C08: -1 -> 0
04:50:52 +0x35C20: -1 -> 0
04:50:52 +0x35C38: -1 -> 0
04:50:52 +0x35C50: -1 -> 0
04:50:52 +0x35C68: -1 -> 0
04:50:52 +0x35C80: -1 -> 0
04:50:52 +0x35C98: -1 -> 0
04:50:52 +0x35CB0: -1 -> 0
04:50:52 +0x35CC8: -1 -> 0
04:50:52 +0x35CE0: -1 -> 0
04:50:52 +0x35CF8: -1 -> 0
04:50:52 +0x35D10: -1 -> 0
04:50:52 +0x35D28: -1 -> 0
04:50:52 +0x35D40: -1 -> 0
04:50:52 +0x35D58: -1 -> 0
04:50:52 +0x35D70: -1 -> 0
04:50:52 +0x35D88: -1 -> 0
04:50:52 +0x35DA0: -1 -> 0
04:50:52 +0x35DB8: -1 -> 0
04:50:52 +0x35DD0: -1 -> 0
04:50:52 +0x35DE8: -1 -> 0
04:50:52 +0x35E00: -1 -> 0
04:50:52 +0x35E18: -1 -> 0
04:50:52 +0x35E30: -1 -> 0
04:50:52 +0x35E48: -1 -> 0
04:50:52 +0x35E60: -1 -> 0
04:50:52 +0x35E78: -1 -> 0
04:50:52 +0x35E90: -1 -> 0
04:50:52 +0x35EA8: -1 -> 0
04:50:52 +0x35EC0: -1 -> 0
04:50:52 +0x35ED8: -1 -> 0
04:50:52 +0x35EF0: -1 -> 0
04:50:52 +0x35F08: -1 -> 0
04:50:52 +0x35F20: -1 -> 0
04:50:52 +0x35F38: -1 -> 0
04:50:52 +0x35F50: -1 -> 0
04:50:52 +0x35F68: -1 -> 0
04:50:52 +0x35F80: -1 -> 0
04:50:52 +0x35F98: -1 -> 0
04:50:52 +0x35FB0: -1 -> 0
04:50:52 +0x35FC8: -1 -> 0
04:50:52 +0x35FE0: -1 -> 0
04:50:52 +0x35FF8: -1 -> 0
04:50:52 +0x36010: -1 -> 0
04:50:52 +0x36028: -1 -> 0
04:50:52 +0x36040: -1 -> 0
04:50:52 +0x36058: -1 -> 0
04:50:52 +0x36070: -1 -> 0
04:50:52 +0x36088: -1 -> 0
04:50:52 +0x360A0: -1 -> 0
04:50:52 +0x360B8: -1 -> 0
04:50:52 +0x360D0: -1 -> 0
04:50:52 +0x360E8: -1 -> 0
04:50:52 +0x36100: -1 -> 0
04:50:52 +0x36118: -1 -> 0
04:50:52 +0x36130: -1 -> 0
04:50:52 +0x36148: -1 -> 0
04:50:52 +0x36160: -1 -> 0
04:50:52 +0x36178: -1 -> 0
04:50:52 +0x36190: -1 -> 0
04:50:52 +0x361A8: -1 -> 0
04:50:52 +0x361C0: -1 -> 0
04:50:52 +0x361D8: -1 -> 0
04:50:52 +0x361F0: -1 -> 0
04:50:52 +0x36208: -1 -> 0
04:50:52 +0x36220: -1 -> 0
04:50:52 +0x36238: -1 -> 0
04:50:52 +0x36250: -1 -> 0
04:50:52 +0x36268: -1 -> 0
04:50:52 +0x36280: -1 -> 0
04:50:52 +0x36298: -1 -> 0
04:50:52 +0x362B0: -1 -> 0
04:50:52 +0x362C8: -1 -> 0
04:50:52 +0x362E0: -1 -> 0
04:50:52 +0x362F8: -1 -> 0
04:50:52 +0x36310: -1 -> 0
04:50:52 +0x36328: -1 -> 0
04:50:52 +0x36340: -1 -> 0
04:50:52 +0x36358: -1 -> 0
04:50:52 +0x36370: -1 -> 0
04:50:52 +0x36388: -1 -> 0
04:50:52 +0x363A0: -1 -> 0
04:50:52 +0x363B8: -1 -> 0
04:50:52 +0x363D0: -1 -> 0
04:50:52 +0x363E8: -1 -> 0
04:50:52 +0x36400: -1 -> 0
04:50:52 +0x36418: -1 -> 0
04:50:52 +0x36430: -1 -> 0
04:50:52 +0x36448: -1 -> 0
04:50:52 +0x36460: -1 -> 0
04:50:52 +0x36478: -1 -> 0
04:50:52 +0x36490: -1 -> 0
04:50:52 +0x364A8: -1 -> 0
04:50:52 +0x364C0: -1 -> 0
04:50:52 +0x364D8: -1 -> 0
04:50:52 +0x364F0: -1 -> 0
04:50:52 +0x36508: -1 -> 0
04:50:52 +0x36520: -1 -> 0
04:50:52 +0x36538: -1 -> 0
04:50:52 +0x36550: -1 -> 0
04:50:52 +0x36568: -1 -> 0
04:50:52 +0x36580: -1 -> 0
04:50:52 +0x36598: -1 -> 0
04:50:52 +0x365B0: -1 -> 0
04:50:52 +0x365C8: -1 -> 0
04:50:52 +0x365E0: -1 -> 0
04:50:52 +0x365F8: -1 -> 0
04:50:52 +0x36610: -1 -> 0
04:50:52 +0x36628: -1 -> 0
04:50:52 +0x36640: -1 -> 0
04:50:52 +0x36658: -1 -> 0
04:50:52 +0x36670: -1 -> 0
04:50:52 +0x36688: -1 -> 0
04:50:52 +0x366A0: -1 -> 0
04:50:52 +0x366B8: -1 -> 0
04:50:52 +0x366D0: -1 -> 0
04:50:52 +0x366E8: -1 -> 0
04:50:52 +0x36700: -1 -> 0
04:50:52 +0x36718: -1 -> 0
04:50:52 +0x36730: -1 -> 0
04:50:52 +0x36748: -1 -> 0
04:50:52 +0x36760: -1 -> 0
04:50:52 +0x36778: -1 -> 0
04:50:52 +0x36790: -1 -> 0
04:50:52 +0x367A8: -1 -> 0
04:50:52 +0x367C0: -1 -> 0
04:50:52 +0x367D8: -1 -> 0
04:50:52 +0x367F0: -1 -> 0
04:50:52 +0x36808: -1 -> 0
04:50:52 +0x36820: -1 -> 0
04:50:52 +0x36838: -1 -> 0
04:50:52 +0x36850: -1 -> 0
04:50:52 +0x36868: -1 -> 0
04:50:52 +0x36880: -1 -> 0
04:50:52 +0x36898: -1 -> 0
04:50:52 +0x368B0: -1 -> 0
04:50:52 +0x368C8: -1 -> 0
04:50:52 +0x368E0: -1 -> 0
04:50:52 +0x368F8: -1 -> 0
04:50:52 +0x36910: -1 -> 0
04:50:52 +0x36928: -1 -> 0
04:50:52 +0x36940: -1 -> 0
04:50:52 +0x36958: -1 -> 0
04:50:52 +0x36970: -1 -> 0
04:50:52 +0x36988: -1 -> 0
04:50:52 +0x369A0: -1 -> 0
04:50:52 +0x369B8: -1 -> 0
04:50:52 +0x369D0: -1 -> 0
04:50:52 +0x369E8: -1 -> 0
04:50:52 +0x36A00: -1 -> 0
04:50:52 +0x36A18: -1 -> 0
04:50:52 +0x36A30: -1 -> 0
04:50:52 +0x36A48: -1 -> 0
04:50:52 +0x36A60: -1 -> 0
04:50:52 +0x36A78: -1 -> 0
04:50:52 +0x36A90: -1 -> 0
04:50:52 +0x36AA8: -1 -> 0
04:50:52 +0x36AC0: -1 -> 0
04:50:52 +0x36AD8: -1 -> 0
04:50:52 +0x36AF0: -1 -> 0
04:50:52 +0x36B08: -1 -> 0
04:50:52 +0x36B20: -1 -> 0
04:50:52 +0x36B38: -1 -> 0
04:50:52 +0x36B50: -1 -> 0
04:50:52 +0x36B68: -1 -> 0
04:50:52 +0x36B80: -1 -> 0
04:50:52 +0x36B98: -1 -> 0
04:50:52 +0x36BB0: -1 -> 0
04:50:52 +0x36BC8: -1 -> 0
04:50:52 +0x36BE0: -1 -> 0
04:50:52 +0x36BF8: -1 -> 0
04:50:52 +0x36C10: -1 -> 0
04:50:52 +0x36C28: -1 -> 0
04:50:52 +0x36C40: -1 -> 0
04:50:52 +0x36C58: -1 -> 0
04:50:52 +0x36C70: -1 -> 0
04:50:52 +0x36C88: -1 -> 0
04:50:52 +0x36CA0: -1 -> 0
04:50:52 +0x36CB8: -1 -> 0
04:50:52 +0x36CD0: -1 -> 0
04:50:52 +0x36CE8: -1 -> 0
04:50:52 +0x36D00: -1 -> 0
04:50:52 +0x36D18: -1 -> 0
04:50:52 +0x36D30: -1 -> 0
04:50:52 +0x36D48: -1 -> 0
04:50:52 +0x36D60: -1 -> 0
04:50:52 +0x36D78: -1 -> 0
04:50:52 +0x36D90: -1 -> 0
04:50:52 +0x36DA8: -1 -> 0
04:50:52 +0x36DC0: -1 -> 0
04:50:52 +0x36DD8: -1 -> 0
04:50:52 +0x36DF0: -1 -> 0
04:50:52 +0x36E08: -1 -> 0
04:50:52 +0x36E20: -1 -> 0
04:50:52 +0x36E38: -1 -> 0
04:50:52 +0x36E50: -1 -> 0
04:50:52 +0x36E68: -1 -> 0
04:50:52 +0x36E80: -1 -> 0
04:50:52 +0x36E98: -1 -> 0
04:50:52 +0x36EB0: -1 -> 0
04:50:52 +0x36EC8: -1 -> 0
04:50:52 +0x36EE0: -1 -> 0
04:50:52 +0x36EF8: -1 -> 0
04:50:52 +0x36F10: -1 -> 0
04:50:52 +0x36F28: -1 -> 0
04:50:52 +0x36F40: -1 -> 0
04:50:52 +0x36F58: -1 -> 0
04:50:52 +0x36F70: -1 -> 0
04:50:52 +0x36F88: -1 -> 0
04:50:52 +0x36FA0: -1 -> 0
04:50:52 +0x36FB8: -1 -> 0
04:50:52 +0x36FD0: -1 -> 0
04:50:52 +0x36FE8: -1 -> 0
04:50:52 +0x37000: -1 -> 0
04:50:52 +0x37018: -1 -> 0
04:50:52 +0x37030: -1 -> 0
04:50:52 +0x37048: -1 -> 0
04:50:52 +0x37060: -1 -> 0
04:50:52 +0x37078: -1 -> 0
04:50:52 +0x37090: -1 -> 0
04:50:52 +0x370A8: -1 -> 0
04:50:52 +0x370C0: -1 -> 0
04:50:52 +0x370D8: -1 -> 0
04:50:52 +0x370F0: -1 -> 0
04:50:52 +0x37108: -1 -> 0
04:50:52 +0x37120: -1 -> 0
04:50:52 +0x37138: -1 -> 0
04:50:52 +0x37150: -1 -> 0
04:50:52 +0x37168: -1 -> 0
04:50:52 +0x37180: -1 -> 0
04:50:52 +0x37198: -1 -> 0
04:50:52 +0x371B0: -1 -> 0
04:50:52 +0x371C8: -1 -> 0
04:50:52 +0x371E0: -1 -> 0
04:50:52 +0x371F8: -1 -> 0
04:50:52 +0x37210: -1 -> 0
04:50:52 +0x37228: -1 -> 0
04:50:52 +0x37240: -1 -> 0
04:50:52 +0x37258: -1 -> 0
04:50:52 +0x37270: -1 -> 0
04:50:52 +0x37288: -1 -> 0
04:50:52 +0x372A0: -1 -> 0
04:50:52 +0x372B8: -1 -> 0
04:50:52 +0x372D0: -1 -> 0
04:50:52 +0x372E8: -1 -> 0
04:50:52 +0x37300: -1 -> 0
04:50:52 +0x37318: -1 -> 0
04:50:52 +0x37330: -1 -> 0
04:50:52 +0x37348: -1 -> 0
04:50:52 +0x37360: -1 -> 0
04:50:52 +0x37378: -1 -> 0
04:50:52 +0x37390: -1 -> 0
04:50:52 +0x373A8: -1 -> 0
04:50:52 +0x373C0: -1 -> 0
04:50:52 +0x373D8: -1 -> 0
04:50:52 +0x373F0: -1 -> 0
04:50:52 +0x37408: -1 -> 0
04:50:52 +0x37420: -1 -> 0
04:50:52 +0x37438: -1 -> 0
04:50:52 +0x37450: -1 -> 0
04:50:52 +0x37468: -1 -> 0
04:50:52 +0x37480: -1 -> 0
04:50:52 +0x37498: -1 -> 0
04:50:52 +0x374B0: -1 -> 0
04:50:52 +0x374C8: -1 -> 0
04:50:52 +0x374E0: -1 -> 0
04:50:52 +0x374F8: -1 -> 0
04:50:52 +0x37510: -1 -> 0
04:50:52 +0x37528: -1 -> 0
04:50:52 +0x37540: -1 -> 0
04:50:52 +0x37558: -1 -> 0
04:50:52 +0x37570: -1 -> 0
04:50:52 +0x37588: -1 -> 0
04:50:52 +0x375A0: -1 -> 0
04:50:52 +0x375B8: -1 -> 0
04:50:52 +0x375D0: -1 -> 0
04:50:52 +0x375E8: -1 -> 0
04:50:52 +0x37600: -1 -> 0
04:50:52 +0x37618: -1 -> 0
04:50:52 +0x37630: -1 -> 0
04:50:52 +0x37648: -1 -> 0
04:50:52 +0x37660: -1 -> 0
04:50:52 +0x37678: -1 -> 0
04:50:52 +0x37690: -1 -> 0
04:50:52 +0x376A8: -1 -> 0
04:50:52 +0x376C0: -1 -> 0
04:50:52 +0x376D8: -1 -> 0
04:50:52 +0x376F0: -1 -> 0
04:50:52 +0x37708: -1 -> 0
04:50:52 +0x37720: -1 -> 0
04:50:52 +0x37738: -1 -> 0
04:50:52 +0x37750: -1 -> 0
04:50:52 +0x37768: -1 -> 0
04:50:52 +0x37780: -1 -> 0
04:50:52 +0x37798: -1 -> 0
04:50:52 +0x377B0: -1 -> 0
04:50:52 +0x377C8: -1 -> 0
04:50:52 +0x377E0: -1 -> 0
04:50:52 +0x377F8: -1 -> 0
04:50:52 +0x37810: -1 -> 0
04:50:52 +0x37828: -1 -> 0
04:50:52 +0x37840: -1 -> 0
04:50:52 +0x37858: -1 -> 0
04:50:52 +0x37870: -1 -> 0
04:50:52 +0x37888: -1 -> 0
04:50:52 +0x378A0: -1 -> 0
04:50:52 +0x378B8: -1 -> 0
04:50:52 +0x378D0: -1 -> 0
04:50:52 +0x378E8: -1 -> 0
04:50:52 +0x37900: -1 -> 0
04:50:52 +0x37918: -1 -> 0
04:50:52 +0x37930: -1 -> 0
04:50:52 +0x37948: -1 -> 0
04:50:52 +0x37960: -1 -> 0
04:50:52 +0x37978: -1 -> 0
04:50:52 +0x37990: -1 -> 0
04:50:52 +0x379A8: -1 -> 0
04:50:52 +0x379C0: -1 -> 0
04:50:52 +0x379D8: -1 -> 0
04:50:52 +0x379F0: -1 -> 0
04:50:52 +0x37A08: -1 -> 0
04:50:52 +0x37A20: -1 -> 0
04:50:52 +0x37A38: -1 -> 0
04:50:52 +0x37A50: -1 -> 0
04:50:52 +0x37A68: -1 -> 0
04:50:52 +0x37A80: -1 -> 0
04:50:52 +0x37A98: -1 -> 0
04:50:52 +0x37AB0: -1 -> 0
04:50:52 +0x37AC8: -1 -> 0
04:50:52 +0x37AE0: -1 -> 0
04:50:52 +0x37AF8: -1 -> 0
04:50:52 +0x37B10: -1 -> 0
04:50:52 +0x37B28: -1 -> 0
04:50:52 +0x37B40: -1 -> 0
04:50:52 +0x37B58: -1 -> 0
04:50:52 +0x37B70: -1 -> 0
04:50:52 +0x37B88: -1 -> 0
04:50:52 +0x37BA0: -1 -> 0
04:50:52 +0x37BB8: -1 -> 0
04:50:52 +0x37BD0: -1 -> 0
04:50:52 +0x37BE8: -1 -> 0
04:50:52 +0x37C00: -1 -> 0
04:50:52 +0x37C18: -1 -> 0
04:50:52 +0x37C30: -1 -> 0
04:50:52 +0x37C48: -1 -> 0
04:50:52 +0x37C60: -1 -> 0
04:50:52 +0x37C78: -1 -> 0
04:50:52 +0x37C90: -1 -> 0
04:50:52 +0x37CA8: -1 -> 0
04:50:52 +0x37CC0: -1 -> 0
04:50:52 +0x37CD8: -1 -> 0
04:50:52 +0x37CF0: -1 -> 0
04:50:52 +0x37D08: -1 -> 0
04:50:52 +0x37D20: -1 -> 0
04:50:52 +0x37D38: -1 -> 0
04:50:52 +0x37D50: -1 -> 0
04:50:52 +0x37D68: -1 -> 0
04:50:52 +0x37D80: -1 -> 0
04:50:52 +0x37D98: -1 -> 0
04:50:52 +0x37DB0: -1 -> 0
04:50:52 +0x37DC8: -1 -> 0
04:50:52 +0x37DE0: -1 -> 0
04:50:52 +0x37DF8: -1 -> 0
04:50:52 +0x37E10: -1 -> 0
04:50:52 +0x37E28: -1 -> 0
04:50:52 +0x37E40: -1 -> 0
04:50:52 +0x37E58: -1 -> 0
04:50:52 +0x37E70: -1 -> 0
04:50:52 +0x37E88: -1 -> 0
04:50:52 +0x37EA0: -1 -> 0
04:50:52 +0x37EB8: -1 -> 0
04:50:52 +0x37ED0: -1 -> 0
04:50:52 +0x37EE8: -1 -> 0
04:50:52 +0x37F00: -1 -> 0
04:50:52 +0x37F18: -1 -> 0
04:50:52 +0x37F30: -1 -> 0
04:50:52 +0x37F48: -1 -> 0
04:50:52 +0x37F60: -1 -> 0
04:50:52 +0x37F78: -1 -> 0
04:50:52 +0x37F90: -1 -> 0
04:50:52 +0x37FA8: -1 -> 0
04:50:52 +0x37FC0: -1 -> 0
04:50:52 +0x37FD8: -1 -> 0
04:50:52 +0x37FF0: -1 -> 0
04:50:52 +0x38008: -1 -> 0
04:50:52 +0x38020: -1 -> 0
04:50:52 +0x38038: -1 -> 0
04:50:52 +0x38050: -1 -> 0
04:50:52 +0x38068: -1 -> 0
04:50:52 +0x38080: -1 -> 0
04:50:52 +0x38098: -1 -> 0
04:50:52 +0x380B0: -1 -> 0
04:50:52 +0x380C8: -1 -> 0
04:50:52 +0x380E0: -1 -> 0
04:50:52 +0x380F8: -1 -> 0
04:50:52 +0x38110: -1 -> 0
04:50:52 +0x38128: -1 -> 0
04:50:52 +0x38140: -1 -> 0
04:50:52 +0x38158: -1 -> 0
04:50:52 +0x38170: -1 -> 0
04:50:52 +0x38188: -1 -> 0
04:50:52 +0x381A0: -1 -> 0
04:50:52 +0x381B8: -1 -> 0
04:50:52 +0x381D0: -1 -> 0
04:50:52 +0x381E8: -1 -> 0
04:50:52 +0x38200: -1 -> 0
04:50:52 +0x38218: -1 -> 0
04:50:52 +0x38230: -1 -> 0
04:50:52 +0x38248: -1 -> 0
04:50:52 +0x38260: -1 -> 0
04:50:52 +0x38278: -1 -> 0
04:50:52 +0x38290: -1 -> 0
04:50:52 +0x382A8: -1 -> 0
04:50:52 +0x382C0: -1 -> 0
04:50:52 +0x382D8: -1 -> 0
04:50:52 +0x382F0: -1 -> 0
04:50:52 +0x38308: -1 -> 0
04:50:52 +0x38320: -1 -> 0
04:50:52 +0x38338: -1 -> 0
04:50:52 +0x38350: -1 -> 0
04:50:52 +0x38368: -1 -> 0
04:50:52 +0x38380: -1 -> 0
04:50:52 +0x38398: -1 -> 0
04:50:52 +0x383B0: -1 -> 0
04:50:52 +0x383C8: -1 -> 0
04:50:52 +0x383E0: -1 -> 0
04:50:52 +0x383F8: -1 -> 0
04:50:52 +0x38410: -1 -> 0
04:50:52 +0x38428: -1 -> 0
04:50:52 +0x38440: -1 -> 0
04:50:52 +0x38458: -1 -> 0
04:50:52 +0x38470: -1 -> 0
04:50:52 +0x38488: -1 -> 0
04:50:52 +0x384A0: -1 -> 0
04:50:52 +0x384B8: -1 -> 0
04:50:52 +0x384D0: -1 -> 0
04:50:52 +0x384E8: -1 -> 0
04:50:52 +0x38500: -1 -> 0
04:50:52 +0x38518: -1 -> 0
04:50:52 +0x38530: -1 -> 0
04:50:52 +0x38548: -1 -> 0
04:50:52 +0x38560: -1 -> 0
04:50:52 +0x38578: -1 -> 0
04:50:52 +0x38590: -1 -> 0
04:50:52 +0x385A8: -1 -> 0
04:50:52 +0x385C0: -1 -> 0
04:50:52 +0x385D8: -1 -> 0
04:50:52 +0x385F0: -1 -> 0
04:50:52 +0x38608: -1 -> 0
04:50:52 +0x38620: -1 -> 0
04:50:52 +0x38638: -1 -> 0
04:50:52 +0x38650: -1 -> 0
04:50:52 +0x38668: -1 -> 0
04:50:52 +0x38680: -1 -> 0
04:50:52 +0x38698: -1 -> 0
04:50:52 +0x386B0: -1 -> 0
04:50:52 +0x386C8: -1 -> 0
04:50:52 +0x386E0: -1 -> 0
04:50:52 +0x386F8: -1 -> 0
04:50:52 +0x38710: -1 -> 0
04:50:52 +0x38728: -1 -> 0
04:50:52 +0x38740: -1 -> 0
04:50:52 +0x38758: -1 -> 0
04:50:52 +0x38770: -1 -> 0
04:50:52 +0x38788: -1 -> 0
04:50:52 +0x387A0: -1 -> 0
04:50:52 +0x387B8: -1 -> 0
04:50:52 +0x387D0: -1 -> 0
04:50:52 +0x387E8: -1 -> 0
04:50:52 +0x38800: -1 -> 0
04:50:52 +0x38818: -1 -> 0
04:50:52 +0x38830: -1 -> 0
04:50:52 +0x38848: -1 -> 0
04:50:52 +0x38860: -1 -> 0
04:50:52 +0x38878: -1 -> 0
04:50:52 +0x38890: -1 -> 0
04:50:52 +0x388A8: -1 -> 0
04:50:52 +0x388C0: -1 -> 0
04:50:52 +0x388D8: -1 -> 0
04:50:52 +0x388F0: -1 -> 0
04:50:52 +0x38908: -1 -> 0
04:50:52 +0x38920: -1 -> 0
04:50:52 +0x38938: -1 -> 0
04:50:52 +0x38950: -1 -> 0
04:50:52 +0x38968: -1 -> 0
04:50:52 +0x38980: -1 -> 0
04:50:52 +0x38998: -1 -> 0
04:50:52 +0x389B0: -1 -> 0
04:50:52 +0x389C8: -1 -> 0
04:50:52 +0x389E0: -1 -> 0
04:50:52 +0x389F8: -1 -> 0
04:50:52 +0x38A10: -1 -> 0
04:50:52 +0x38A28: -1 -> 0
04:50:52 +0x38A40: -1 -> 0
04:50:52 +0x38A58: -1 -> 0
04:50:52 +0x38A70: -1 -> 0
04:50:52 +0x38A88: -1 -> 0
04:50:52 +0x38AA0: -1 -> 0
04:50:52 +0x38AB8: -1 -> 0
04:50:52 +0x38AD0: -1 -> 0
04:50:52 +0x38AE8: -1 -> 0
04:50:52 +0x38B00: -1 -> 0
04:50:52 +0x38B18: -1 -> 0
04:50:52 +0x38B30: -1 -> 0
04:50:52 +0x38B48: -1 -> 0
04:50:52 +0x38B60: -1 -> 0
04:50:52 +0x38B78: -1 -> 0
04:50:52 +0x38B90: -1 -> 0
04:50:52 +0x38BA8: -1 -> 0
04:50:52 +0x38BC0: -1 -> 0
04:50:52 +0x38BD8: -1 -> 0
04:50:52 +0x38BF0: -1 -> 0
04:50:52 +0x38C08: -1 -> 0
04:50:52 +0x38C20: -1 -> 0
04:50:52 +0x38C38: -1 -> 0
04:50:52 +0x38C50: -1 -> 0
04:50:52 +0x38C68: -1 -> 0
04:50:52 +0x38C80: -1 -> 0
04:50:52 +0x38C98: -1 -> 0
04:50:52 +0x38CB0: -1 -> 0
04:50:52 +0x38CC8: -1 -> 0
04:50:52 +0x38CE0: -1 -> 0
04:50:52 +0x38CF8: -1 -> 0
04:50:52 +0x38D10: -1 -> 0
04:50:52 +0x38D28: -1 -> 0
04:50:52 +0x38D40: -1 -> 0
04:50:52 +0x38D58: -1 -> 0
04:50:52 +0x38D70: -1 -> 0
04:50:52 +0x38D88: -1 -> 0
04:50:52 +0x38DA0: -1 -> 0
04:50:52 +0x38DB8: -1 -> 0
04:50:52 +0x38DD0: -1 -> 0
04:50:52 +0x38DE8: -1 -> 0
04:50:52 +0x38E00: -1 -> 0
04:50:52 +0x38E18: -1 -> 0
04:50:52 +0x38E30: -1 -> 0
04:50:52 +0x38E48: -1 -> 0
04:50:52 +0x38E60: -1 -> 0
04:50:52 +0x38E78: -1 -> 0
04:50:52 +0x38E90: -1 -> 0
04:50:52 +0x38EA8: -1 -> 0
04:50:52 +0x38EC0: -1 -> 0
04:50:52 +0x38ED8: -1 -> 0
04:50:52 +0x38EF0: -1 -> 0
04:50:52 +0x38F08: -1 -> 0
04:50:52 +0x38F20: -1 -> 0
04:50:52 +0x38F38: -1 -> 0
04:50:52 +0x38F50: -1 -> 0
04:50:52 +0x38F68: -1 -> 0
04:50:52 +0x38F80: -1 -> 0
04:50:52 +0x38F98: -1 -> 0
04:50:52 +0x38FB0: -1 -> 0
04:50:52 +0x38FC8: -1 -> 0
04:50:52 +0x38FE0: -1 -> 0
04:50:52 +0x38FF8: -1 -> 0
04:50:52 +0x39010: -1 -> 0
04:50:52 +0x39028: -1 -> 0
04:50:52 +0x39040: -1 -> 0
04:50:52 +0x39058: -1 -> 0
04:50:52 +0x39070: -1 -> 0
04:50:52 +0x39088: -1 -> 0
04:50:52 +0x390A0: -1 -> 0
04:50:52 +0x390B8: -1 -> 0
04:50:52 +0x390D0: -1 -> 0
04:50:52 +0x390E8: -1 -> 0
04:50:52 +0x39100: -1 -> 0
04:50:52 +0x39118: -1 -> 0
04:50:52 +0x39130: -1 -> 0
04:50:52 +0x39148: -1 -> 0
04:50:52 +0x39160: -1 -> 0
04:50:52 +0x39178: -1 -> 0
04:50:52 +0x39190: -1 -> 0
04:50:52 +0x391A8: -1 -> 0
04:50:52 +0x391C0: -1 -> 0
04:50:52 +0x391D8: -1 -> 0
04:50:52 +0x391F0: -1 -> 0
04:50:52 +0x39208: -1 -> 0
04:50:52 +0x39220: -1 -> 0
04:50:52 +0x39238: -1 -> 0
04:50:52 +0x39250: -1 -> 0
04:50:52 +0x39268: -1 -> 0
04:50:52 +0x39280: -1 -> 0
04:50:52 +0x39298: -1 -> 0
04:50:52 +0x392B0: -1 -> 0
04:50:52 +0x392C8: -1 -> 0
04:50:52 +0x392E0: -1 -> 0
04:50:52 +0x392F8: -1 -> 0
04:50:52 +0x39310: -1 -> 0
04:50:52 +0x39328: -1 -> 0
04:50:52 +0x39340: -1 -> 0
04:50:52 +0x39358: -1 -> 0
04:50:52 +0x39370: -1 -> 0
04:50:52 +0x39388: -1 -> 0
04:50:52 +0x393A0: -1 -> 0
04:50:52 +0x393B8: -1 -> 0
04:50:52 +0x393D0: -1 -> 0
04:50:52 +0x393E8: -1 -> 0
04:50:52 +0x39400: -1 -> 0
04:50:52 +0x39418: -1 -> 0
04:50:52 +0x39430: -1 -> 0
04:50:52 +0x39448: -1 -> 0
04:50:52 +0x39460: -1 -> 0
04:50:52 +0x39478: -1 -> 0
04:50:52 +0x39490: -1 -> 0
04:50:52 +0x394A8: -1 -> 0
04:50:52 +0x394C0: -1 -> 0
04:50:52 +0x394D8: -1 -> 0
04:50:52 +0x394F0: -1 -> 0
04:50:52 +0x39508: -1 -> 0
04:50:52 +0x39520: -1 -> 0
04:50:52 +0x39538: -1 -> 0
04:50:52 +0x39550: -1 -> 0
04:50:52 +0x39568: -1 -> 0
04:50:52 +0x39580: -1 -> 0
04:50:52 +0x39598: -1 -> 0
04:50:52 +0x395B0: -1 -> 0
04:50:52 +0x395C8: -1 -> 0
04:50:52 +0x395E0: -1 -> 0
04:50:52 +0x395F8: -1 -> 0
04:50:52 +0x39610: -1 -> 0
04:50:52 +0x39628: -1 -> 0
04:50:52 +0x39640: -1 -> 0
04:50:52 +0x39658: -1 -> 0
04:50:52 +0x39670: -1 -> 0
04:50:52 +0x39688: -1 -> 0
04:50:52 +0x396A0: -1 -> 0
04:50:52 +0x396B8: -1 -> 0
04:50:52 +0x396D0: -1 -> 0
04:50:52 +0x396E8: -1 -> 0
04:50:52 +0x39700: -1 -> 0
04:50:52 +0x39718: -1 -> 0
04:50:52 +0x39730: -1 -> 0
04:50:52 +0x39748: -1 -> 0
04:50:52 +0x39760: -1 -> 0
04:50:52 +0x39778: -1 -> 0
04:50:52 +0x39790: -1 -> 0
04:50:52 +0x397A8: -1 -> 0
04:50:52 +0x397C0: -1 -> 0
04:50:52 +0x397D8: -1 -> 0
04:50:52 +0x397F0: -1 -> 0
04:50:52 +0x39808: -1 -> 0
04:50:52 +0x39820: -1 -> 0
04:50:52 +0x39838: -1 -> 0
04:50:52 +0x39850: -1 -> 0
04:50:52 +0x39868: -1 -> 0
04:50:52 +0x39880: -1 -> 0
04:50:52 +0x39898: -1 -> 0
04:50:52 +0x398B0: -1 -> 0
04:50:52 +0x398C8: -1 -> 0
04:50:52 +0x398E0: -1 -> 0
04:50:52 +0x398F8: -1 -> 0
04:50:52 +0x39910: -1 -> 0
04:50:52 +0x39928: -1 -> 0
04:50:52 +0x39940: -1 -> 0
04:50:52 +0x39958: -1 -> 0
04:50:52 +0x39970: -1 -> 0
04:50:52 +0x39988: -1 -> 0
04:50:52 +0x399A0: -1 -> 0
04:50:52 +0x399B8: -1 -> 0
04:50:52 +0x399D0: -1 -> 0
04:50:52 +0x399E8: -1 -> 0
04:50:52 +0x39A00: -1 -> 0
04:50:52 +0x39A18: -1 -> 0
04:50:52 +0x39A30: -1 -> 0
04:50:52 +0x39A48: -1 -> 0
04:50:52 +0x39A60: -1 -> 0
04:50:52 +0x39A78: -1 -> 0
04:50:52 +0x39A90: -1 -> 0
04:50:52 +0x39AA8: -1 -> 0
04:50:52 +0x39AC0: -1 -> 0
04:50:52 +0x39AD8: -1 -> 0
04:50:52 +0x39AF0: -1 -> 0
04:50:52 +0x39B08: -1 -> 0
04:50:52 +0x39B20: -1 -> 0
04:50:52 +0x39B38: -1 -> 0
04:50:52 +0x39B50: -1 -> 0
04:50:52 +0x39B68: -1 -> 0
04:50:52 +0x39B80: -1 -> 0
04:50:52 +0x39B98: -1 -> 0
04:50:52 +0x39BB0: -1 -> 0
04:50:52 +0x39BC8: -1 -> 0
04:50:52 +0x39BE0: -1 -> 0
04:50:52 +0x39BF8: -1 -> 0
04:50:52 +0x39C10: -1 -> 0
04:50:52 +0x39C28: -1 -> 0
04:50:52 +0x39C40: -1 -> 0
04:50:52 +0x39C58: -1 -> 0
04:50:52 +0x39C70: -1 -> 0
04:50:52 +0x39C88: -1 -> 0
04:50:52 +0x39CA0: -1 -> 0
04:50:52 +0x39CB8: -1 -> 0
04:50:52 +0x39CD0: -1 -> 0
04:50:52 +0x39CE8: -1 -> 0
04:50:52 +0x39D00: -1 -> 0
04:50:52 +0x39D18: -1 -> 0
04:50:52 +0x39D30: -1 -> 0
04:50:52 +0x39D48: -1 -> 0
04:50:52 +0x39D60: -1 -> 0
04:50:52 +0x39D78: -1 -> 0
04:50:52 +0x39D90: -1 -> 0
04:50:52 +0x39DA8: -1 -> 0
04:50:52 +0x39DC0: -1 -> 0
04:50:52 +0x39DD8: -1 -> 0
04:50:52 +0x39DF0: -1 -> 0
04:50:52 +0x39E08: -1 -> 0
04:50:52 +0x39E20: -1 -> 0
04:50:52 +0x39E38: -1 -> 0
04:50:52 +0x39E50: -1 -> 0
04:50:52 +0x39E68: -1 -> 0
04:50:52 +0x39E80: -1 -> 0
04:50:52 +0x39E98: -1 -> 0
04:50:52 +0x39EB0: -1 -> 0
04:50:52 +0x39EC8: -1 -> 0
04:50:52 +0x39EE0: -1 -> 0
04:50:52 +0x39EF8: -1 -> 0
04:50:52 +0x39F10: -1 -> 0
04:50:52 +0x39F28: -1 -> 0
04:50:52 +0x39F40: -1 -> 0
04:50:52 +0x39F58: -1 -> 0
04:50:52 +0x39F70: -1 -> 0
04:50:52 +0x39F88: -1 -> 0
04:50:52 +0x39FA0: -1 -> 0
04:50:52 +0x39FB8: -1 -> 0
04:50:52 +0x39FD0: -1 -> 0
04:50:52 +0x39FE8: -1 -> 0
04:50:52 +0x3A000: -1 -> 0
04:50:52 +0x3A018: -1 -> 0
04:50:52 +0x3A030: -1 -> 0
04:50:52 +0x3A048: -1 -> 0
04:50:52 +0x3A060: -1 -> 0
04:50:52 +0x3A078: -1 -> 0
04:50:52 +0x3A090: -1 -> 0
04:50:52 +0x3A0A8: -1 -> 0
04:50:52 +0x3A0C0: -1 -> 0
04:50:52 +0x3A0D8: -1 -> 0
04:50:52 +0x3A0F0: -1 -> 0
04:50:52 +0x3A108: -1 -> 0
04:50:52 +0x3A120: -1 -> 0
04:50:52 +0x3A138: -1 -> 0
04:50:52 +0x3A150: -1 -> 0
04:50:52 +0x3A168: -1 -> 0
04:50:52 +0x3A180: -1 -> 0
04:50:52 +0x3A198: -1 -> 0
04:50:52 +0x3A1B0: -1 -> 0
04:50:52 +0x3A1C8: -1 -> 0
04:50:52 +0x3A1E0: -1 -> 0
04:50:52 +0x3A1F8: -1 -> 0
04:50:52 +0x3A210: -1 -> 0
04:50:52 +0x3A228: -1 -> 0
04:50:52 +0x3A240: -1 -> 0
04:50:52 +0x3A258: -1 -> 0
04:50:52 +0x3A270: -1 -> 0
04:50:52 +0x3A288: -1 -> 0
04:50:52 +0x3A2A0: -1 -> 0
04:50:52 +0x3A2B8: -1 -> 0
04:50:52 +0x3A2D0: -1 -> 0
04:50:52 +0x3A2E8: -1 -> 0
04:50:52 +0x3A300: -1 -> 0
04:50:52 +0x3A318: -1 -> 0
04:50:52 +0x3A330: -1 -> 0
04:50:52 +0x3A348: -1 -> 0
04:50:52 +0x3A360: -1 -> 0
04:50:52 +0x3A378: -1 -> 0
04:50:52 +0x3A390: -1 -> 0
04:50:52 +0x3A3A8: -1 -> 0
04:50:52 +0x3A3C0: -1 -> 0
04:50:52 +0x3A3D8: -1 -> 0
04:50:52 +0x3A3F0: -1 -> 0
04:50:52 +0x3A408: -1 -> 0
04:50:52 +0x3A420: -1 -> 0
04:50:52 +0x3A438: -1 -> 0
04:50:52 +0x3A450: -1 -> 0
04:50:52 +0x3A468: -1 -> 0
04:50:52 +0x3A480: -1 -> 0
04:50:52 +0x3A498: -1 -> 0
04:50:52 +0x3A4B0: -1 -> 0
04:50:52 +0x3A4C8: -1 -> 0
04:50:52 +0x3A4E0: -1 -> 0
04:50:52 +0x3A4F8: -1 -> 0
04:50:52 +0x3A510: -1 -> 0
04:50:52 +0x3A528: -1 -> 0
04:50:52 +0x3A540: -1 -> 0
04:50:52 +0x3A558: -1 -> 0
04:50:52 +0x3A570: -1 -> 0
04:50:52 +0x3A588: -1 -> 0
04:50:52 +0x3A5A0: -1 -> 0
04:50:52 +0x3A5B8: -1 -> 0
04:50:52 +0x3A5D0: -1 -> 0
04:50:52 +0x3A5E8: -1 -> 0
04:50:52 +0x3A600: -1 -> 0
04:50:52 +0x3A618: -1 -> 0
04:50:52 +0x3A630: -1 -> 0
04:50:52 +0x3A648: -1 -> 0
04:50:52 +0x3A660: -1 -> 0
04:50:52 +0x3A678: -1 -> 0
04:50:52 +0x3A690: -1 -> 0
04:50:52 +0x3A6A8: -1 -> 0
04:50:52 +0x3A6C0: -1 -> 0
04:50:52 +0x3A6D8: -1 -> 0
04:50:52 +0x3A6F0: -1 -> 0
04:50:52 +0x3A708: -1 -> 0
04:50:52 +0x3A720: -1 -> 0
04:50:52 +0x3A738: -1 -> 0
04:50:52 +0x3A750: -1 -> 0
04:50:52 +0x3A768: -1 -> 0
04:50:52 +0x3A780: -1 -> 0
04:50:52 +0x3A798: -1 -> 0
04:50:52 +0x3A7B0: -1 -> 0
04:50:52 +0x3A7C8: -1 -> 0
04:50:52 +0x3A7E0: -1 -> 0
04:50:52 +0x3A7F8: -1 -> 0
04:50:52 +0x3A810: -1 -> 0
04:50:52 +0x3A828: -1 -> 0
04:50:52 +0x3A840: -1 -> 0
04:50:52 +0x3A858: -1 -> 0
04:50:52 +0x3A870: -1 -> 0
04:50:52 +0x3A888: -1 -> 0
04:50:52 +0x3A8A0: -1 -> 0
04:50:52 +0x3A8B8: -1 -> 0
04:50:52 +0x3A8D0: -1 -> 0
04:50:52 +0x3A8E8: -1 -> 0
04:50:52 +0x3A900: -1 -> 0
04:50:52 +0x3A918: -1 -> 0
04:50:52 +0x3A930: -1 -> 0
04:50:52 +0x3A948: -1 -> 0
04:50:52 +0x3A960: -1 -> 0
04:50:52 +0x3A978: -1 -> 0
04:50:52 +0x3A990: -1 -> 0
04:50:52 +0x3A9A8: -1 -> 0
04:50:52 +0x3A9C0: -1 -> 0
04:50:52 +0x3A9D8: -1 -> 0
04:50:52 +0x3A9F0: -1 -> 0
04:50:52 +0x3AA08: -1 -> 0
04:50:52 +0x3AA20: -1 -> 0
04:50:52 +0x3AA38: -1 -> 0
04:50:52 +0x3AA50: -1 -> 0
04:50:52 +0x3AA68: -1 -> 0
04:50:52 +0x3AA80: -1 -> 0
04:50:52 +0x3AA98: -1 -> 0
04:50:52 +0x3AAB0: -1 -> 0
04:50:52 +0x3AAC8: -1 -> 0
04:50:52 +0x3AAE0: -1 -> 0
04:50:52 +0x3AAF8: -1 -> 0
04:50:52 +0x3AB10: -1 -> 0
04:50:52 +0x3AB28: -1 -> 0
04:50:52 +0x3AB40: -1 -> 0
04:50:52 +0x3AB58: -1 -> 0
04:50:52 +0x3AB70: -1 -> 0
04:50:52 +0x3AB88: -1 -> 0
04:50:52 +0x3ABA0: -1 -> 0
04:50:52 +0x3ABB8: -1 -> 0
04:50:52 +0x3ABD0: -1 -> 0
04:50:52 +0x3ABE8: -1 -> 0
04:50:52 +0x3AC00: -1 -> 0
04:50:52 +0x3AC18: -1 -> 0
04:50:52 +0x3AC30: -1 -> 0
04:50:52 +0x3AC48: -1 -> 0
04:50:52 +0x3AC60: -1 -> 0
04:50:52 +0x3AC78: -1 -> 0
04:50:52 +0x3AC90: -1 -> 0
04:50:52 +0x3ACA8: -1 -> 0
04:50:52 +0x3ACC0: -1 -> 0
04:50:52 +0x3ACD8: -1 -> 0
04:50:52 +0x3ACF0: -1 -> 0
04:50:52 +0x3AD08: -1 -> 0
04:50:52 +0x3AD20: -1 -> 0
04:50:52 +0x3AD38: -1 -> 0
04:50:52 +0x3AD50: -1 -> 0
04:50:52 +0x3AD68: -1 -> 0
04:50:52 +0x3AD80: -1 -> 0
04:50:52 +0x3AD98: -1 -> 0
04:50:52 +0x3ADB0: -1 -> 0
04:50:52 +0x3ADC8: -1 -> 0
04:50:52 +0x3ADE0: -1 -> 0
04:50:52 +0x3ADF8: -1 -> 0
04:50:52 +0x3AE10: -1 -> 0
04:50:52 +0x3AE28: -1 -> 0
04:50:52 +0x3AE40: -1 -> 0
04:50:52 +0x3AE58: -1 -> 0
04:50:52 +0x3AE70: -1 -> 0
04:50:52 +0x3AE88: -1 -> 0
04:50:52 +0x3AEA0: -1 -> 0
04:50:52 +0x3AEB8: -1 -> 0
04:50:52 +0x3AED0: -1 -> 0
04:50:52 +0x3AEE8: -1 -> 0
04:50:52 +0x3AF00: -1 -> 0
04:50:52 +0x3AF18: -1 -> 0
04:50:52 +0x3AF30: -1 -> 0
04:50:52 +0x3AF48: -1 -> 0
04:50:52 +0x3AF60: -1 -> 0
04:50:52 +0x3AF78: -1 -> 0
04:50:52 +0x3AF90: -1 -> 0
04:50:52 +0x3AFA8: -1 -> 0
04:50:52 +0x3AFC0: -1 -> 0
04:50:52 +0x3AFD8: -1 -> 0
04:50:52 +0x3AFF0: -1 -> 0
04:50:52 +0x3B008: -1 -> 0
04:50:52 +0x3B020: -1 -> 0
04:50:52 +0x3B038: -1 -> 0
04:50:52 +0x3B050: -1 -> 0
04:50:52 +0x3B068: -1 -> 0
04:50:52 +0x3B080: -1 -> 0
04:50:52 +0x3B098: -1 -> 0
04:50:52 +0x3B0B0: -1 -> 0
04:50:52 +0x3B0C8: -1 -> 0
04:50:52 +0x3B0E0: -1 -> 0
04:50:52 +0x3B0F8: -1 -> 0
04:50:52 +0x3B110: -1 -> 0
04:50:52 +0x3B128: -1 -> 0
04:50:52 +0x3B140: -1 -> 0
04:50:52 +0x3B158: -1 -> 0
04:50:52 +0x3B170: -1 -> 0
04:50:52 +0x3B188: -1 -> 0
04:50:52 +0x3B1A0: -1 -> 0
04:50:52 +0x3B1B8: -1 -> 0
04:50:52 +0x3B1D0: -1 -> 0
04:50:52 +0x3B1E8: -1 -> 0
04:50:52 +0x3B200: -1 -> 0
04:50:52 +0x3B218: -1 -> 0
04:50:52 +0x3B230: -1 -> 0
04:50:52 +0x3B248: -1 -> 0
04:50:52 +0x3B260: -1 -> 0
04:50:52 +0x3B278: -1 -> 0
04:50:52 +0x3B290: -1 -> 0
04:50:52 +0x3B2A8: -1 -> 0
04:50:52 +0x3B2C0: -1 -> 0
04:50:52 +0x3B2D8: -1 -> 0
04:50:52 +0x3B2F0: -1 -> 0
04:50:52 +0x3B308: -1 -> 0
04:50:52 +0x3B320: -1 -> 0
04:50:52 +0x3B338: -1 -> 0
04:50:52 +0x3B350: -1 -> 0
04:50:52 +0x3B368: -1 -> 0
04:50:52 +0x3B380: -1 -> 0
04:50:52 +0x3B398: -1 -> 0
04:50:52 +0x3B3B0: -1 -> 0
04:50:52 +0x3B3C8: -1 -> 0
04:50:52 +0x3B3E0: -1 -> 0
04:50:52 +0x3B3F8: -1 -> 0
04:50:52 +0x3B410: -1 -> 0
04:50:52 +0x3B428: -1 -> 0
04:50:52 +0x3B440: -1 -> 0
04:50:52 +0x3B458: -1 -> 0
04:50:52 +0x3B470: -1 -> 0
04:50:52 +0x3B488: -1 -> 0
04:50:52 +0x3B4A0: -1 -> 0
04:50:52 +0x3B4B8: -1 -> 0
04:50:52 +0x3B4D0: -1 -> 0
04:50:52 +0x3B4E8: -1 -> 0
04:50:52 +0x3B500: -1 -> 0
04:50:52 +0x3B518: -1 -> 0
04:50:52 +0x3B530: -1 -> 0
04:50:52 +0x3B548: -1 -> 0
04:50:52 +0x3B560: -1 -> 0
04:50:52 +0x3B578: -1 -> 0
04:50:52 +0x3B590: -1 -> 0
04:50:52 +0x3B5A8: -1 -> 0
04:50:52 +0x3B5C0: -1 -> 0
04:50:52 +0x3B5D8: -1 -> 0
04:50:52 +0x3B5F0: -1 -> 0
04:50:52 +0x3B608: -1 -> 0
04:50:52 +0x3B620: -1 -> 0
04:50:52 +0x3B638: -1 -> 0
04:50:52 +0x3B650: -1 -> 0
04:50:52 +0x3B668: -1 -> 0
04:50:52 +0x3B680: -1 -> 0
04:50:52 +0x3B698: -1 -> 0
04:50:52 +0x3B6B0: -1 -> 0
04:50:52 +0x3B6C8: -1 -> 0
04:50:52 +0x3B6E0: -1 -> 0
04:50:52 +0x3B6F8: -1 -> 0
04:50:52 +0x3B710: -1 -> 0
04:50:52 +0x3B728: -1 -> 0
04:50:52 +0x3B740: -1 -> 0
04:50:52 +0x3B758: -1 -> 0
04:50:52 +0x3B770: -1 -> 0
04:50:52 +0x3B788: -1 -> 0
04:50:52 +0x3B7A0: -1 -> 0
04:50:52 +0x3B7B8: -1 -> 0
04:50:52 +0x3B7D0: -1 -> 0
04:50:52 +0x3B7E8: -1 -> 0
04:50:52 +0x3B800: -1 -> 0
04:50:52 +0x3B818: -1 -> 0
04:50:52 +0x3B830: -1 -> 0
04:50:52 +0x3B848: -1 -> 0
04:50:52 +0x3B860: -1 -> 0
04:50:52 +0x3B878: -1 -> 0
04:50:52 +0x3B890: -1 -> 0
04:50:52 +0x3B8A8: -1 -> 0
04:50:52 +0x3B8C0: -1 -> 0
04:50:52 +0x3B8D8: -1 -> 0
04:50:52 +0x3B8F0: -1 -> 0
04:50:52 +0x3B908: -1 -> 0
04:50:52 +0x3B920: -1 -> 0
04:50:52 +0x3B938: -1 -> 0
04:50:52 +0x3B950: -1 -> 0
04:50:52 +0x3B968: -1 -> 0
04:50:52 +0x3B980: -1 -> 0
04:50:52 +0x3B998: -1 -> 0
04:50:52 +0x3B9B0: -1 -> 0
04:50:52 +0x3B9C8: -1 -> 0
04:50:52 +0x3B9E0: -1 -> 0
04:50:52 +0x3B9F8: -1 -> 0
04:50:52 +0x3BA10: -1 -> 0
04:50:52 +0x3BA28: -1 -> 0
04:50:52 +0x3BA40: -1 -> 0
04:50:52 +0x3BA58: -1 -> 0
04:50:52 +0x3BA70: -1 -> 0
04:50:52 +0x3BA88: -1 -> 0
04:50:52 +0x3BAA0: -1 -> 0
04:50:52 +0x3BAB8: -1 -> 0
04:50:52 +0x3BAD0: -1 -> 0
04:50:52 +0x3BAE8: -1 -> 0
04:50:52 +0x3BB00: -1 -> 0
04:50:52 +0x3BB18: -1 -> 0
04:50:52 +0x3BB30: -1 -> 0
04:50:52 +0x3BB48: -1 -> 0
04:50:52 +0x3BB60: -1 -> 0
04:50:52 +0x3BB78: -1 -> 0
04:50:52 +0x3BB90: -1 -> 0
04:50:52 +0x3BBA8: -1 -> 0
04:50:52 +0x3BBC0: -1 -> 0
04:50:52 +0x3BBD8: -1 -> 0
04:50:52 +0x3BBF0: -1 -> 0
04:50:52 +0x3BC08: -1 -> 0
04:50:52 +0x3BC20: -1 -> 0
04:50:52 +0x3BC38: -1 -> 0
04:50:52 +0x3BC50: -1 -> 0
04:50:52 +0x3BC68: -1 -> 0
04:50:52 +0x3BC80: -1 -> 0
04:50:52 +0x3BC98: -1 -> 0
04:50:52 +0x3BCB0: -1 -> 0
04:50:52 +0x3BCC8: -1 -> 0
04:50:52 +0x3BCE0: -1 -> 0
04:50:52 +0x3BCF8: -1 -> 0
04:50:52 +0x3BD10: -1 -> 0
04:50:52 +0x3BD28: -1 -> 0
04:50:52 +0x3BD40: -1 -> 0
04:50:52 +0x3BD58: -1 -> 0
04:50:52 +0x3BD70: -1 -> 0
04:50:52 +0x3BD88: -1 -> 0
04:50:52 +0x3BDA0: -1 -> 0
04:50:52 +0x3BDB8: -1 -> 0
04:50:52 +0x3BDD0: -1 -> 0
04:50:52 +0x3BDE8: -1 -> 0
04:50:52 +0x3BE00: -1 -> 0
04:50:52 +0x3BE18: -1 -> 0
04:50:52 +0x3BE30: -1 -> 0
04:50:52 +0x3BE48: -1 -> 0
04:50:52 +0x3BE60: -1 -> 0
04:50:52 +0x3BE78: -1 -> 0
04:50:52 +0x3BE90: -1 -> 0
04:50:52 +0x3BEA8: -1 -> 0
04:50:52 +0x3BEC0: -1 -> 0
04:50:52 +0x3BED8: -1 -> 0
04:50:52 +0x3BEF0: -1 -> 0
04:50:52 +0x3BF08: -1 -> 0
04:50:52 +0x3BF20: -1 -> 0
04:50:52 +0x3BF38: -1 -> 0
04:50:52 +0x3BF50: -1 -> 0
04:50:52 +0x3BF68: -1 -> 0
04:50:52 +0x3BF80: -1 -> 0
04:50:52 +0x3BF98: -1 -> 0
04:50:52 +0x3BFB0: -1 -> 0
04:50:52 +0x3BFC8: -1 -> 0
04:50:52 +0x3BFE0: -1 -> 0
04:50:52 +0x3BFF8: -1 -> 0
04:50:52 +0x3C010: -1 -> 0
04:50:52 +0x3C028: -1 -> 0
04:50:52 +0x3C040: -1 -> 0
04:50:52 +0x3C058: -1 -> 0
04:50:52 +0x3C070: -1 -> 0
04:50:52 +0x3C088: -1 -> 0
04:50:52 +0x3C0A0: -1 -> 0
04:50:52 +0x3C0B8: -1 -> 0
04:50:52 +0x3C0D0: -1 -> 0
04:50:52 +0x3C0E8: -1 -> 0
04:50:52 +0x3C100: -1 -> 0
04:50:52 +0x3C118: -1 -> 0
04:50:52 +0x3C130: -1 -> 0
04:50:52 +0x3C148: -1 -> 0
04:50:52 +0x3C160: -1 -> 0
04:50:52 +0x3C178: -1 -> 0
04:50:52 +0x3C190: -1 -> 0
04:50:52 +0x3C1A8: -1 -> 0
04:50:52 +0x3C1C0: -1 -> 0
04:50:52 +0x3C1D8: -1 -> 0
04:50:52 +0x3C1F0: -1 -> 0
04:50:52 +0x3C208: -1 -> 0
04:50:52 +0x3C220: -1 -> 0
04:50:52 +0x3C238: -1 -> 0
04:50:52 +0x3C250: -1 -> 0
04:50:52 +0x3C268: -1 -> 0
04:50:52 +0x3C280: -1 -> 0
04:50:52 +0x3C298: -1 -> 0
04:50:52 +0x3C2B0: -1 -> 0
04:50:52 +0x3C2C8: -1 -> 0
04:50:52 +0x3C2E0: -1 -> 0
04:50:52 +0x3C2F8: -1 -> 0
04:50:52 +0x3C310: -1 -> 0
04:50:52 +0x3C328: -1 -> 0
04:50:52 +0x3C340: -1 -> 0
04:50:52 +0x3C358: -1 -> 0
04:50:52 +0x3C370: -1 -> 0
04:50:52 +0x3C388: -1 -> 0
04:50:52 +0x3C3A0: -1 -> 0
04:50:52 +0x3C3B8: -1 -> 0
04:50:52 +0x3C3D0: -1 -> 0
04:50:52 +0x3C3E8: -1 -> 0
04:50:52 +0x3C400: -1 -> 0
04:50:52 +0x3C418: -1 -> 0
04:50:52 +0x3C430: -1 -> 0
04:50:52 +0x3C448: -1 -> 0
04:50:52 +0x3C460: -1 -> 0
04:50:52 +0x3C478: -1 -> 0
04:50:52 +0x3C490: -1 -> 0
04:50:52 +0x3C4A8: -1 -> 0
04:50:52 +0x3C4C0: -1 -> 0
04:50:52 +0x3C4D8: -1 -> 0
04:50:52 +0x3C4F0: -1 -> 0
04:50:52 +0x3C508: -1 -> 0
04:50:52 +0x3C520: -1 -> 0
04:50:52 +0x3C538: -1 -> 0
04:50:52 +0x3C550: -1 -> 0
04:50:52 +0x3C568: -1 -> 0
04:50:52 +0x3C580: -1 -> 0
04:50:52 +0x3C598: -1 -> 0
04:50:52 +0x3C5B0: -1 -> 0
04:50:52 +0x3C5C8: -1 -> 0
04:50:52 +0x3C5E0: -1 -> 0
04:50:52 +0x3C5F8: -1 -> 0
04:50:52 +0x3C610: -1 -> 0
04:50:52 +0x3C628: -1 -> 0
04:50:52 +0x3C640: -1 -> 0
04:50:52 +0x3C658: -1 -> 0
04:50:52 +0x3C670: -1 -> 0
04:50:52 +0x3C688: -1 -> 0
04:50:52 +0x3C6A0: -1 -> 0
04:50:52 +0x3C6B8: -1 -> 0
04:50:52 +0x3C6D0: -1 -> 0
04:50:52 +0x3C6E8: -1 -> 0
04:50:52 +0x3C700: -1 -> 0
04:50:52 +0x3C718: -1 -> 0
04:50:52 +0x3C730: -1 -> 0
04:50:52 +0x3C748: -1 -> 0
04:50:52 +0x3C760: -1 -> 0
04:50:52 +0x3C778: -1 -> 0
04:50:52 +0x3C790: -1 -> 0
04:50:52 +0x3C7A8: -1 -> 0
04:50:52 +0x3C7C0: -1 -> 0
04:50:52 +0x3C7D8: -1 -> 0
04:50:52 +0x3C7F0: -1 -> 0
04:50:52 +0x3C808: -1 -> 0
04:50:52 +0x3C820: -1 -> 0
04:50:52 +0x3C838: -1 -> 0
04:50:52 +0x3C850: -1 -> 0
04:50:52 +0x3C868: -1 -> 0
04:50:52 +0x3C880: -1 -> 0
04:50:52 +0x3C898: -1 -> 0
04:50:52 +0x3C8B0: -1 -> 0
04:50:52 +0x3C8C8: -1 -> 0
04:50:52 +0x3C8E0: -1 -> 0
04:50:52 +0x3C8F8: -1 -> 0
04:50:52 +0x3C910: -1 -> 0
04:50:52 +0x3C928: -1 -> 0
04:50:52 +0x3C940: -1 -> 0
04:50:52 +0x3C958: -1 -> 0
04:50:52 +0x3C970: -1 -> 0
04:50:52 +0x3C988: -1 -> 0
04:50:52 +0x3C9A0: -1 -> 0
04:50:52 +0x3C9B8: -1 -> 0
04:50:52 +0x3C9D0: -1 -> 0
04:50:52 +0x3C9E8: -1 -> 0
04:50:52 +0x3CA00: -1 -> 0
04:50:52 +0x3CA18: -1 -> 0
04:50:52 +0x3CA30: -1 -> 0
04:50:52 +0x3CA48: -1 -> 0
04:50:52 +0x3CA60: -1 -> 0
04:50:52 +0x3CA78: -1 -> 0
04:50:52 +0x3CA90: -1 -> 0
04:50:52 +0x3CAA8: -1 -> 0
04:50:52 +0x3CAC0: -1 -> 0
04:50:52 +0x3CAD8: -1 -> 0
04:50:52 +0x3CAF0: -1 -> 0
04:50:52 +0x3CB08: -1 -> 0
04:50:52 +0x3CB20: -1 -> 0
04:50:52 +0x3CB38: -1 -> 0
04:50:52 +0x3CB50: -1 -> 0
04:50:52 +0x3CB68: -1 -> 0
04:50:52 +0x3CB80: -1 -> 0
04:50:52 +0x3CB98: -1 -> 0
04:50:52 +0x3CBB0: -1 -> 0
04:50:52 +0x3CBC8: -1 -> 0
04:50:52 +0x3CBE0: -1 -> 0
04:50:52 +0x3CBF8: -1 -> 0
04:50:52 +0x3CC10: -1 -> 0
04:50:52 +0x3CC28: -1 -> 0
04:50:52 +0x3CC40: -1 -> 0
04:50:52 +0x3CC58: -1 -> 0
04:50:52 +0x3CC70: -1 -> 0
04:50:52 +0x3CC88: -1 -> 0
04:50:52 +0x3CCA0: -1 -> 0
04:50:52 +0x3CCB8: -1 -> 0
04:50:52 +0x3CCD0: -1 -> 0
04:50:52 +0x3CCE8: -1 -> 0
04:50:52 +0x3CD00: -1 -> 0
04:50:52 +0x3CD18: -1 -> 0
04:50:52 +0x3CD30: -1 -> 0
04:50:52 +0x3CD48: -1 -> 0
04:50:52 +0x3CD60: -1 -> 0
04:50:52 +0x3CD78: -1 -> 0
04:50:52 +0x3CD90: -1 -> 0
04:50:52 +0x3CDA8: -1 -> 0
04:50:52 +0x3CDC0: -1 -> 0
04:50:52 +0x3CDD8: -1 -> 0
04:50:52 +0x3CDF0: -1 -> 0
04:50:52 +0x3CE08: -1 -> 0
04:50:52 +0x3CE20: -1 -> 0
04:50:52 +0x3CE38: -1 -> 0
04:50:52 +0x3CE50: -1 -> 0
04:50:52 +0x3CE68: -1 -> 0
04:50:52 +0x3CE80: -1 -> 0
04:50:52 +0x3CE98: -1 -> 0
04:50:52 +0x3CEB0: -1 -> 0
04:50:52 +0x3CEC8: -1 -> 0
04:50:52 +0x3CEE0: -1 -> 0
04:50:52 +0x3CEF8: -1 -> 0
04:50:52 +0x3CF10: -1 -> 0
04:50:52 +0x3CF28: -1 -> 0
04:50:52 +0x3CF40: -1 -> 0
04:50:52 +0x3CF58: -1 -> 0
04:50:52 +0x3CF70: -1 -> 0
04:50:52 +0x3CF88: -1 -> 0
04:50:52 +0x3CFA0: -1 -> 0
04:50:52 +0x3CFB8: -1 -> 0
04:50:52 +0x3CFD0: -1 -> 0
04:50:52 +0x3CFE8: -1 -> 0
04:50:52 +0x3D000: -1 -> 0
04:50:52 +0x3D018: -1 -> 0
04:50:52 +0x3D030: -1 -> 0
04:50:52 +0x3D048: -1 -> 0
04:50:52 +0x3D060: -1 -> 0
04:50:52 +0x3D078: -1 -> 0
04:50:52 +0x3D090: -1 -> 0
04:50:52 +0x3D0A8: -1 -> 0
04:50:52 +0x3D0C0: -1 -> 0
04:50:52 +0x3D0D8: -1 -> 0
04:50:52 +0x3D0F0: -1 -> 0
04:50:52 +0x3D108: -1 -> 0
04:50:52 +0x3D120: -1 -> 0
04:50:52 +0x3D138: -1 -> 0
04:50:52 +0x3D150: -1 -> 0
04:50:52 +0x3D168: -1 -> 0
04:50:52 +0x3D180: -1 -> 0
04:50:52 +0x3D198: -1 -> 0
04:50:52 +0x3D1B0: -1 -> 0
04:50:52 +0x3D1C8: -1 -> 0
04:50:52 +0x3D1E0: -1 -> 0
04:50:52 +0x3D1F8: -1 -> 0
04:50:52 +0x3D210: -1 -> 0
04:50:52 +0x3D228: -1 -> 0
04:50:52 +0x3D240: -1 -> 0
04:50:52 +0x3D258: -1 -> 0
04:50:52 +0x3D270: -1 -> 0
04:50:52 +0x3D288: -1 -> 0
04:50:52 +0x3D2A0: -1 -> 0
04:50:52 +0x3D2B8: -1 -> 0
04:50:52 +0x3D2D0: -1 -> 0
04:50:52 +0x3D2E8: -1 -> 0
04:50:52 +0x3D300: -1 -> 0
04:50:52 +0x3D318: -1 -> 0
04:50:52 +0x3D330: -1 -> 0
04:50:52 +0x3D348: -1 -> 0
04:50:52 +0x3D360: -1 -> 0
04:50:52 +0x3D378: -1 -> 0
04:50:52 +0x3D390: -1 -> 0
04:50:52 +0x3D3A8: -1 -> 0
04:50:52 +0x3D3C0: -1 -> 0
04:50:52 +0x3D3D8: -1 -> 0
04:50:52 +0x3D3F0: -1 -> 0
04:50:52 +0x3D408: -1 -> 0
04:50:52 +0x3D420: -1 -> 0
04:50:52 +0x3D438: -1 -> 0
04:50:52 +0x3D450: -1 -> 0
04:50:52 +0x3D468: -1 -> 0
04:50:52 +0x3D480: -1 -> 0
04:50:52 +0x3D498: -1 -> 0
04:50:52 +0x3D4B0: -1 -> 0
04:50:52 +0x3D4C8: -1 -> 0
04:50:52 +0x3D4E0: -1 -> 0
04:50:52 +0x3D4F8: -1 -> 0
04:50:52 +0x3D510: -1 -> 0
04:50:52 +0x3D528: -1 -> 0
04:50:52 +0x3D540: -1 -> 0
04:50:52 +0x3D558: -1 -> 0
04:50:52 +0x3D570: -1 -> 0
04:50:52 +0x3D588: -1 -> 0
04:50:52 +0x3D5A0: -1 -> 0
04:50:52 +0x3D5B8: -1 -> 0
04:50:52 +0x3D5D0: -1 -> 0
04:50:52 +0x3D5E8: -1 -> 0
04:50:52 +0x3D600: -1 -> 0
04:50:52 +0x3D618: -1 -> 0
04:50:52 +0x3D630: -1 -> 0
04:50:52 +0x3D648: -1 -> 0
04:50:52 +0x3D660: -1 -> 0
04:50:52 +0x3D678: -1 -> 0
04:50:52 +0x3D690: -1 -> 0
04:50:52 +0x3D6A8: -1 -> 0
04:50:52 +0x3D6C0: -1 -> 0
04:50:52 +0x3D6D8: -1 -> 0
04:50:52 +0x3D6F0: -1 -> 0
04:50:52 +0x3D708: -1 -> 0
04:50:52 +0x3D720: -1 -> 0
04:50:52 +0x3D738: -1 -> 0
04:50:52 +0x3D750: -1 -> 0
04:50:52 +0x3D768: -1 -> 0
04:50:52 +0x3D780: -1 -> 0
04:50:52 +0x3D798: -1 -> 0
04:50:52 +0x3D7B0: -1 -> 0
04:50:52 +0x3D7C8: -1 -> 0
04:50:52 +0x3D7E0: -1 -> 0
04:50:52 +0x3D7F8: -1 -> 0
04:50:52 +0x3D810: -1 -> 0
04:50:52 +0x3D828: -1 -> 0
04:50:52 +0x3D840: -1 -> 0
04:50:52 +0x3D858: -1 -> 0
04:50:52 +0x3D870: -1 -> 0
04:50:52 +0x3D888: -1 -> 0
04:50:52 +0x3D8A0: -1 -> 0
04:50:52 +0x3D8B8: -1 -> 0
04:50:52 +0x3D8D0: -1 -> 0
04:50:52 +0x3D8E8: -1 -> 0
04:50:52 +0x3D900: -1 -> 0
04:50:52 +0x3D918: -1 -> 0
04:50:52 +0x3D930: -1 -> 0
04:50:52 +0x3D948: -1 -> 0
04:50:52 +0x3D960: -1 -> 0
04:50:52 +0x3D978: -1 -> 0
04:50:52 +0x3D990: -1 -> 0
04:50:52 +0x3D9A8: -1 -> 0
04:50:52 +0x3D9C0: -1 -> 0
04:50:52 +0x3D9D8: -1 -> 0
04:50:52 +0x3D9F0: -1 -> 0
04:50:52 +0x3DA08: -1 -> 0
04:50:52 +0x3DA20: -1 -> 0
04:50:52 +0x3DA38: -1 -> 0
04:50:52 +0x3DA50: -1 -> 0
04:50:52 +0x3DA68: -1 -> 0
04:50:52 +0x3DA80: -1 -> 0
04:50:52 +0x3DA98: -1 -> 0
04:50:52 +0x3DAB0: -1 -> 0
04:50:52 +0x3DAC8: -1 -> 0
04:50:52 +0x3DAE0: -1 -> 0
04:50:52 +0x3DAF8: -1 -> 0
04:50:52 +0x3DB10: -1 -> 0
04:50:52 +0x3DB28: -1 -> 0
04:50:52 +0x3DB40: -1 -> 0
04:50:52 +0x3DB58: -1 -> 0
04:50:52 +0x3DB70: -1 -> 0
04:50:52 +0x3DB88: -1 -> 0
04:50:52 +0x3DBA0: -1 -> 0
04:50:52 +0x3DBB8: -1 -> 0
04:50:52 +0x3DBD0: -1 -> 0
04:50:52 +0x3DBE8: -1 -> 0
04:50:52 +0x3DC00: -1 -> 0
04:50:52 +0x3DC18: -1 -> 0
04:50:52 +0x3DC30: -1 -> 0
04:50:52 +0x3DC48: -1 -> 0
04:50:52 +0x3DC60: -1 -> 0
04:50:52 +0x3DC78: -1 -> 0
04:50:52 +0x3DC90: -1 -> 0
04:50:52 +0x3DCA8: -1 -> 0
04:50:52 +0x3DCC0: -1 -> 0
04:50:52 +0x3DCD8: -1 -> 0
04:50:52 +0x3DCF0: -1 -> 0
04:50:52 +0x3DD08: -1 -> 0
04:50:52 +0x3DD20: -1 -> 0
04:50:52 +0x3DD38: -1 -> 0
04:50:52 +0x3DD50: -1 -> 0
04:50:52 +0x3DD68: -1 -> 0
04:50:52 +0x3DD80: -1 -> 0
04:50:52 +0x3DD98: -1 -> 0
04:50:52 +0x3DDB0: -1 -> 0
04:50:52 +0x3DDC8: -1 -> 0
04:50:52 +0x3DDE0: -1 -> 0
04:50:52 +0x3DDF8: -1 -> 0
04:50:52 +0x3DE10: -1 -> 0
04:50:52 +0x3DE28: -1 -> 0
04:50:52 +0x3DE40: -1 -> 0
04:50:52 +0x3DE58: -1 -> 0
04:50:52 +0x3DE70: -1 -> 0
04:50:52 +0x3DE88: -1 -> 0
04:50:52 +0x3DEA0: -1 -> 0
04:50:52 +0x3DEB8: -1 -> 0
04:50:52 +0x3DED0: -1 -> 0
04:50:52 +0x3DEE8: -1 -> 0
04:50:52 +0x3DF00: -1 -> 0
04:50:52 +0x3DF18: -1 -> 0
04:50:52 +0x3DF30: -1 -> 0
04:50:52 +0x3DF48: -1 -> 0
04:50:52 +0x3DF60: -1 -> 0
04:50:52 +0x3DF78: -1 -> 0
04:50:52 +0x3DF90: -1 -> 0
04:50:52 +0x3DFA8: -1 -> 0
04:50:52 +0x3DFC0: -1 -> 0
04:50:52 +0x3DFD8: -1 -> 0
04:50:52 +0x3DFF0: -1 -> 0
04:50:52 +0x3E008: -1 -> 0
04:50:52 +0x3E020: -1 -> 0
04:50:52 +0x3E038: -1 -> 0
04:50:52 +0x3E050: -1 -> 0
04:50:52 +0x3E068: -1 -> 0
04:50:52 +0x3E080: -1 -> 0
04:50:52 +0x3E098: -1 -> 0
04:50:52 +0x3E0B0: -1 -> 0
04:50:52 +0x3E0C8: -1 -> 0
04:50:52 +0x3E0E0: -1 -> 0
04:50:52 +0x3E0F8: -1 -> 0
04:50:52 +0x3E110: -1 -> 0
04:50:52 +0x3E128: -1 -> 0
04:50:52 +0x3E140: -1 -> 0
04:50:52 +0x3E158: -1 -> 0
04:50:52 +0x3E170: -1 -> 0
04:50:52 +0x3E188: -1 -> 0
04:50:52 +0x3E1A0: -1 -> 0
04:50:52 +0x3E1B8: -1 -> 0
04:50:52 +0x3E1D0: -1 -> 0
04:50:52 +0x3E1E8: -1 -> 0
04:50:52 +0x3E200: -1 -> 0
04:50:52 +0x3E218: -1 -> 0
04:50:52 +0x3E230: -1 -> 0
04:50:52 +0x3E248: -1 -> 0
04:50:52 +0x3E260: -1 -> 0
04:50:52 +0x3E278: -1 -> 0
04:50:52 +0x3E290: -1 -> 0
04:50:52 +0x3E2A8: -1 -> 0
04:50:52 +0x3E2C0: -1 -> 0
04:50:52 +0x3E2D8: -1 -> 0
04:50:52 +0x3E2F0: -1 -> 0
04:50:52 +0x3E308: -1 -> 0
04:50:52 +0x3E320: -1 -> 0
04:50:52 +0x3E338: -1 -> 0
04:50:52 +0x3E350: -1 -> 0
04:50:52 +0x3E368: -1 -> 0
04:50:52 +0x3E380: -1 -> 0
04:50:52 +0x3E398: -1 -> 0
04:50:52 +0x3E3B0: -1 -> 0
04:50:52 +0x3E3C8: -1 -> 0
04:50:52 +0x3E3E0: -1 -> 0
04:50:52 +0x3E3F8: -1 -> 0
04:50:52 +0x3E410: -1 -> 0
04:50:52 +0x3E428: -1 -> 0
04:50:52 +0x3E440: -1 -> 0
04:50:52 +0x3E458: -1 -> 0
04:50:52 +0x3E470: -1 -> 0
04:50:52 +0x3E488: -1 -> 0
04:50:52 +0x3E4A0: -1 -> 0
04:50:52 +0x3E4B8: -1 -> 0
04:50:52 +0x3E4D0: -1 -> 0
04:50:52 +0x3E4E8: -1 -> 0
04:50:52 +0x3E500: -1 -> 0
04:50:52 +0x3E518: -1 -> 0
04:50:52 +0x3E530: -1 -> 0
04:50:52 +0x3E548: -1 -> 0
04:50:52 +0x3E560: -1 -> 0
04:50:52 +0x3E578: -1 -> 0
04:50:52 +0x3E590: -1 -> 0
04:50:52 +0x3E5A8: -1 -> 0
04:50:52 +0x3E5C0: -1 -> 0
04:50:52 +0x3E5D8: -1 -> 0
04:50:52 +0x3E5F0: -1 -> 0
04:50:52 +0x3E608: -1 -> 0
04:50:52 +0x3E620: -1 -> 0
04:50:52 +0x3E638: -1 -> 0
04:50:52 +0x3E650: -1 -> 0
04:50:52 +0x3E668: -1 -> 0
04:50:52 +0x3E680: -1 -> 0
04:50:52 +0x3E698: -1 -> 0
04:50:52 +0x3E6B0: -1 -> 0
04:50:52 +0x3E6C8: -1 -> 0
04:50:52 +0x3E6E0: -1 -> 0
04:50:52 +0x3E6F8: -1 -> 0
04:50:52 +0x3E710: -1 -> 0
04:50:52 +0x3E728: -1 -> 0
04:50:52 +0x3E740: -1 -> 0
04:50:52 +0x3E758: -1 -> 0
04:50:52 +0x3E770: -1 -> 0
04:50:52 +0x3E788: -1 -> 0
04:50:52 +0x3E7A0: -1 -> 0
04:50:52 +0x3E7B8: -1 -> 0
04:50:52 +0x3E7D0: -1 -> 0
04:50:52 +0x3E7E8: -1 -> 0
04:50:52 +0x3E800: -1 -> 0
04:50:52 +0x3E818: -1 -> 0
04:50:52 +0x3E830: -1 -> 0
04:50:52 +0x3E848: -1 -> 0
04:50:52 +0x3E860: -1 -> 0
04:50:52 +0x3E878: -1 -> 0
04:50:52 +0x3E890: -1 -> 0
04:50:52 +0x3E8A8: -1 -> 0
04:50:52 +0x3E8C0: -1 -> 0
04:50:52 +0x3E8D8: -1 -> 0
04:50:52 +0x3E8F0: -1 -> 0
04:50:52 +0x3E908: -1 -> 0
04:50:52 +0x3E920: -1 -> 0
04:50:52 +0x3E938: -1 -> 0
04:50:52 +0x3E950: -1 -> 0
04:50:52 +0x3E968: -1 -> 0
04:50:52 +0x3E980: -1 -> 0
04:50:52 +0x3E998: -1 -> 0
04:50:52 +0x3E9B0: -1 -> 0
04:50:52 +0x3E9C8: -1 -> 0
04:50:52 +0x3E9E0: -1 -> 0
04:50:52 +0x3E9F8: -1 -> 0
04:50:52 +0x3EA10: -1 -> 0
04:50:52 +0x3EA28: -1 -> 0
04:50:52 +0x3EA40: -1 -> 0
04:50:52 +0x3EA58: -1 -> 0
04:50:52 +0x3EA70: -1 -> 0
04:50:52 +0x3EA88: -1 -> 0
04:50:52 +0x3EAA0: -1 -> 0
04:50:52 +0x3EAB8: -1 -> 0
04:50:52 +0x3EAD0: -1 -> 0
04:50:52 +0x3EAE8: -1 -> 0
04:50:52 +0x3EB00: -1 -> 0
04:50:52 +0x3EB18: -1 -> 0
04:50:52 +0x3EB30: -1 -> 0
04:50:52 +0x3EB48: -1 -> 0
04:50:52 +0x3EB60: -1 -> 0
04:50:52 +0x3EB78: -1 -> 0
04:50:52 +0x3EB90: -1 -> 0
04:50:52 +0x3EBA8: -1 -> 0
04:50:52 +0x3EBC0: -1 -> 0
04:50:52 +0x3EBD8: -1 -> 0
04:50:52 +0x3EBF0: -1 -> 0
04:50:52 +0x3EC08: -1 -> 0
04:50:52 +0x3EC20: -1 -> 0
04:50:52 +0x3EC38: -1 -> 0
04:50:52 +0x3EC50: -1 -> 0
04:50:52 +0x3EC68: -1 -> 0
04:50:52 +0x3EC80: -1 -> 0
04:50:52 +0x3EC98: -1 -> 0
04:50:52 +0x3ECB0: -1 -> 0
04:50:52 +0x3ECC8: -1 -> 0
04:50:52 +0x3ECE0: -1 -> 0
04:50:52 +0x3ECF8: -1 -> 0
04:50:52 +0x3ED10: -1 -> 0
04:50:52 +0x3ED28: -1 -> 0
04:50:52 +0x3ED40: -1 -> 0
04:50:52 +0x3ED58: -1 -> 0
04:50:52 +0x3ED70: -1 -> 0
04:50:52 +0x3ED88: -1 -> 0
04:50:52 +0x3EDA0: -1 -> 0
04:50:52 +0x3EDB8: -1 -> 0
04:50:52 +0x3EDD0: -1 -> 0
04:50:52 +0x3EDE8: -1 -> 0
04:50:52 +0x3EE00: -1 -> 0
04:50:52 +0x3EE18: -1 -> 0
04:50:52 +0x3EE30: -1 -> 0
04:50:52 +0x3EE48: -1 -> 0
04:50:52 +0x3EE60: -1 -> 0
04:50:52 +0x3EE78: -1 -> 0
04:50:52 +0x3EE90: -1 -> 0
04:50:52 +0x3EEA8: -1 -> 0
04:50:52 +0x3EEC0: -1 -> 0
04:50:52 +0x3EED8: -1 -> 0
04:50:52 +0x3EEF0: -1 -> 0
04:50:52 +0x3EF08: -1 -> 0
04:50:52 +0x3EF20: -1 -> 0
04:50:52 +0x3EF38: -1 -> 0
04:50:52 +0x3EF50: -1 -> 0
04:50:52 +0x3EF68: -1 -> 0
04:50:52 +0x3EF80: -1 -> 0
04:50:52 +0x3EF98: -1 -> 0
04:50:52 +0x3EFB0: -1 -> 0
04:50:52 +0x3EFC8: -1 -> 0
04:50:52 +0x3EFE0: -1 -> 0
04:50:52 +0x3EFF8: -1 -> 0
04:50:52 +0x3F010: -1 -> 0
04:50:52 +0x3F028: -1 -> 0
04:50:52 +0x3F040: -1 -> 0
04:50:52 +0x3F058: -1 -> 0
04:50:52 +0x3F070: -1 -> 0
04:50:52 +0x3F088: -1 -> 0
04:50:52 +0x3F0A0: -1 -> 0
04:50:52 +0x3F0B8: -1 -> 0
04:50:52 +0x3F0D0: -1 -> 0
04:50:52 +0x3F0E8: -1 -> 0
04:50:52 +0x3F100: -1 -> 0
04:50:52 +0x3F118: -1 -> 0
04:50:52 +0x3F130: -1 -> 0
04:50:52 +0x3F148: -1 -> 0
04:50:52 +0x3F160: -1 -> 0
04:50:52 +0x3F178: -1 -> 0
04:50:52 +0x3F190: -1 -> 0
04:50:52 +0x3F1A8: -1 -> 0
04:50:52 +0x3F1C0: -1 -> 0
04:50:52 +0x3F1D8: -1 -> 0
04:50:52 +0x3F1F0: -1 -> 0
04:50:52 +0x3F208: -1 -> 0
04:50:52 +0x3F220: -1 -> 0
04:50:52 +0x3F238: -1 -> 0
04:50:52 +0x3F250: -1 -> 0
04:50:52 +0x3F268: -1 -> 0
04:50:52 +0x3F280: -1 -> 0
04:50:52 +0x3F298: -1 -> 0
04:50:52 +0x3F2B0: -1 -> 0
04:50:52 +0x3F2C8: -1 -> 0
04:50:52 +0x3F2E0: -1 -> 0
04:50:52 +0x3F2F8: -1 -> 0
04:50:52 +0x3F310: -1 -> 0
04:50:52 +0x3F328: -1 -> 0
04:50:52 +0x3F340: -1 -> 0
04:50:52 +0x3F358: -1 -> 0
04:50:52 +0x3F370: -1 -> 0
04:50:52 +0x3F388: -1 -> 0
04:50:52 +0x3F3A0: -1 -> 0
04:50:52 +0x3F3B8: -1 -> 0
04:50:52 +0x3F3D0: -1 -> 0
04:50:52 +0x3F3E8: -1 -> 0
04:50:52 +0x3F400: -1 -> 0
04:50:52 +0x3F418: -1 -> 0
04:50:52 +0x3F430: -1 -> 0
04:50:52 +0x3F448: -1 -> 0
04:50:52 +0x3F460: -1 -> 0
04:50:52 +0x3F478: -1 -> 0
04:50:52 +0x3F490: -1 -> 0
04:50:52 +0x3F4A8: -1 -> 0
04:50:52 +0x3F4C0: -1 -> 0
04:50:52 +0x3F4D8: -1 -> 0
04:50:52 +0x3F4F0: -1 -> 0
04:50:52 +0x3F508: -1 -> 0
04:50:52 +0x3F520: -1 -> 0
04:50:52 +0x3F538: -1 -> 0
04:50:52 +0x3F550: -1 -> 0
04:50:52 +0x3F568: -1 -> 0
04:50:52 +0x3F580: -1 -> 0
04:50:52 +0x3F598: -1 -> 0
04:50:52 +0x3F5B0: -1 -> 0
04:50:52 +0x3F5C8: -1 -> 0
04:50:52 +0x3F5E0: -1 -> 0
04:50:52 +0x3F5F8: -1 -> 0
04:50:52 +0x3F610: -1 -> 0
04:50:52 +0x3F628: -1 -> 0
04:50:52 +0x3F640: -1 -> 0
04:50:52 +0x3F658: -1 -> 0
04:50:52 +0x3F670: -1 -> 0
04:50:52 +0x3F688: -1 -> 0
04:50:52 +0x3F6A0: -1 -> 0
04:50:52 +0x3F6B8: -1 -> 0
04:50:52 +0x3F6D0: -1 -> 0
04:50:52 +0x3F6E8: -1 -> 0
04:50:52 +0x3F700: -1 -> 0
04:50:52 +0x3F718: -1 -> 0
04:50:52 +0x3F730: -1 -> 0
04:50:52 +0x3F748: -1 -> 0
04:50:52 +0x3F760: -1 -> 0
04:50:52 +0x3F778: -1 -> 0
04:50:52 +0x3F790: -1 -> 0
04:50:52 +0x3F7A8: -1 -> 0
04:50:52 +0x3F7C0: -1 -> 0
04:50:52 +0x3F7D8: -1 -> 0
04:50:52 +0x3F7F0: -1 -> 0
04:50:52 +0x3F808: -1 -> 0
04:50:52 +0x3F820: -1 -> 0
04:50:52 +0x3F838: -1 -> 0
04:50:52 +0x3F850: -1 -> 0
04:50:52 +0x3F868: -1 -> 0
04:50:52 +0x3F880: -1 -> 0
04:50:52 +0x3F898: -1 -> 0
04:50:52 +0x3F8B0: -1 -> 0
04:50:52 +0x3F8C8: -1 -> 0
04:50:52 +0x3F8E0: -1 -> 0
04:50:52 +0x3F8F8: -1 -> 0
04:50:52 +0x3F910: -1 -> 0
04:50:52 +0x3F928: -1 -> 0
04:50:52 +0x3F940: -1 -> 0
04:50:52 +0x3F958: -1 -> 0
04:50:52 +0x3F970: -1 -> 0
04:50:52 +0x3F988: -1 -> 0
04:50:52 +0x3F9A0: -1 -> 0
04:50:52 +0x3F9B8: -1 -> 0
04:50:52 +0x3F9D0: -1 -> 0
04:50:52 +0x3F9E8: -1 -> 0
04:50:52 +0x3FA00: -1 -> 0
04:50:52 +0x3FA18: -1 -> 0
04:50:52 +0x3FA30: -1 -> 0
04:50:52 +0x3FA48: -1 -> 0
04:50:52 +0x3FA60: -1 -> 0
04:50:52 +0x3FA78: -1 -> 0
04:50:52 +0x3FA90: -1 -> 0
04:50:52 +0x3FAA8: -1 -> 0
04:50:52 +0x3FAC0: -1 -> 0
04:50:52 +0x3FAD8: -1 -> 0
04:50:52 +0x3FAF0: -1 -> 0
04:50:52 +0x3FB08: -1 -> 0
04:50:52 +0x3FB20: -1 -> 0
04:50:52 +0x3FB38: -1 -> 0
04:50:52 +0x3FB50: -1 -> 0
04:50:52 +0x3FB68: -1 -> 0
04:50:52 +0x3FB80: -1 -> 0
04:50:52 +0x3FB98: -1 -> 0
04:50:52 +0x3FBB0: -1 -> 0
04:50:52 +0x3FBC8: -1 -> 0
04:50:52 +0x3FBE0: -1 -> 0
04:50:52 +0x3FBF8: -1 -> 0
04:50:52 +0x3FC10: -1 -> 0
04:50:52 +0x3FC28: -1 -> 0
04:50:52 +0x3FC40: -1 -> 0
04:50:52 +0x3FC58: -1 -> 0
04:50:52 +0x3FC70: -1 -> 0
04:50:52 +0x3FC88: -1 -> 0
04:50:52 +0x3FCA0: -1 -> 0
04:50:52 +0x3FCB8: -1 -> 0
04:50:52 +0x3FCD0: -1 -> 0
04:50:52 +0x3FCE8: -1 -> 0
04:50:52 +0x3FD00: -1 -> 0
04:50:52 +0x3FD18: -1 -> 0
04:50:52 +0x3FD30: -1 -> 0
04:50:52 +0x3FD48: -1 -> 0
04:50:52 +0x3FD60: -1 -> 0
04:50:52 +0x3FD78: -1 -> 0
04:50:52 +0x3FD90: -1 -> 0
04:50:52 +0x3FDA8: -1 -> 0
04:50:52 +0x3FDC0: -1 -> 0
04:50:52 +0x3FDD8: -1 -> 0
04:50:52 +0x3FDF0: -1 -> 0
04:50:52 +0x3FE08: -1 -> 0
04:50:52 +0x3FE20: -1 -> 0
04:50:52 +0x3FE38: -1 -> 0
04:50:52 +0x3FE50: -1 -> 0
04:50:52 +0x3FE68: -1 -> 0
04:50:52 +0x3FE80: -1 -> 0
04:50:52 +0x3FE98: -1 -> 0
04:50:52 +0x3FEB0: -1 -> 0
04:50:52 +0x3FEC8: -1 -> 0
04:50:52 +0x3FEE0: -1 -> 0
04:50:52 +0x3FEF8: -1 -> 0
04:50:52 +0x3FF10: -1 -> 0
04:50:52 +0x3FF28: -1 -> 0
04:50:52 +0x3FF40: -1 -> 0
04:50:52 +0x3FF58: -1 -> 0
04:50:52 +0x3FF70: -1 -> 0
04:50:52 +0x3FF88: -1 -> 0
04:50:52 +0x3FFA0: -1 -> 0
04:50:52 +0x3FFB8: -1 -> 0
04:50:52 +0x3FFD0: -1 -> 0
04:50:52 +0x3FFE8: -1 -> 0
04:50:52 +0x40000: -1 -> 0
04:50:52 +0x40018: -1 -> 0
04:50:52 +0x40030: -1 -> 0
04:50:52 +0x40048: -1 -> 0
04:50:52 +0x40060: -1 -> 0
04:50:52 +0x40078: -1 -> 0
04:50:52 +0x40090: -1 -> 0
04:50:52 +0x400A8: -1 -> 0
04:50:52 +0x400C0: -1 -> 0
04:50:52 +0x400D8: -1 -> 0
04:50:52 +0x400F0: -1 -> 0
04:50:52 +0x40108: -1 -> 0
04:50:52 +0x40120: -1 -> 0
04:50:52 +0x40138: -1 -> 0
04:50:52 +0x40150: -1 -> 0
04:50:52 +0x40168: -1 -> 0
04:50:52 +0x40180: -1 -> 0
04:50:52 +0x40198: -1 -> 0
04:50:52 +0x401B0: -1 -> 0
04:50:52 +0x401C8: -1 -> 0
04:50:52 +0x401E0: -1 -> 0
04:50:52 +0x401F8: -1 -> 0
04:50:52 +0x40210: -1 -> 0
04:50:52 +0x40228: -1 -> 0
04:50:52 +0x40240: -1 -> 0
04:50:52 +0x40258: -1 -> 0
04:50:52 +0x40270: -1 -> 0
04:50:52 +0x40288: -1 -> 0
04:50:52 +0x402A0: -1 -> 0
04:50:52 +0x402B8: -1 -> 0
04:50:52 +0x402D0: -1 -> 0
04:50:52 +0x402E8: -1 -> 0
04:50:52 +0x40300: -1 -> 0
04:50:52 +0x40318: -1 -> 0
04:50:52 +0x40330: -1 -> 0
04:50:52 +0x40348: -1 -> 0
04:50:52 +0x40360: -1 -> 0
04:50:52 +0x40378: -1 -> 0
04:50:52 +0x40390: -1 -> 0
04:50:52 +0x403A8: -1 -> 0
04:50:52 +0x403C0: -1 -> 0
04:50:52 +0x403D8: -1 -> 0
04:50:52 +0x403F0: -1 -> 0
04:50:52 +0x40408: -1 -> 0
04:50:52 +0x40420: -1 -> 0
04:50:52 +0x40438: -1 -> 0
04:50:52 +0x40450: -1 -> 0
04:50:52 +0x40468: -1 -> 0
04:50:52 +0x40480: -1 -> 0
04:50:52 +0x40498: -1 -> 0
04:50:52 +0x404B0: -1 -> 0
04:50:52 +0x404C8: -1 -> 0
04:50:52 +0x404E0: -1 -> 0
04:50:52 +0x404F8: -1 -> 0
04:50:52 +0x40510: -1 -> 0
04:50:52 +0x40528: -1 -> 0
04:50:52 +0x40540: -1 -> 0
04:50:52 +0x40558: -1 -> 0
04:50:52 +0x40570: -1 -> 0
04:50:52 +0x40588: -1 -> 0
04:50:52 +0x405A0: -1 -> 0
04:50:52 +0x405B8: -1 -> 0
04:50:52 +0x405D0: -1 -> 0
04:50:52 +0x405E8: -1 -> 0
04:50:52 +0x40600: -1 -> 0
04:50:52 +0x40618: -1 -> 0
04:50:52 +0x40630: -1 -> 0
04:50:52 +0x40648: -1 -> 0
04:50:52 +0x40660: -1 -> 0
04:50:52 +0x40678: -1 -> 0
04:50:52 +0x40690: -1 -> 0
04:50:52 +0x406A8: -1 -> 0
04:50:52 +0x406C0: -1 -> 0
04:50:52 +0x406D8: -1 -> 0
04:50:52 +0x406F0: -1 -> 0
04:50:52 +0x40708: -1 -> 0
04:50:52 +0x40720: -1 -> 0
04:50:52 +0x40738: -1 -> 0
04:50:52 +0x40750: -1 -> 0
04:50:52 +0x40768: -1 -> 0
04:50:52 +0x40780: -1 -> 0
04:50:52 +0x40798: -1 -> 0
04:50:52 +0x407B0: -1 -> 0
04:50:52 +0x407C8: -1 -> 0
04:50:52 +0x407E0: -1 -> 0
04:50:52 +0x407F8: -1 -> 0
04:50:52 +0x40810: -1 -> 0
04:50:52 +0x40828: -1 -> 0
04:50:52 +0x40840: -1 -> 0
04:50:52 +0x40858: -1 -> 0
04:50:52 +0x40870: -1 -> 0
04:50:52 +0x40888: -1 -> 0
04:50:52 +0x408A0: -1 -> 0
04:50:52 +0x408B8: -1 -> 0
04:50:52 +0x408D0: -1 -> 0
04:50:52 +0x408E8: -1 -> 0
04:50:52 +0x40900: -1 -> 0
04:50:52 +0x40918: -1 -> 0
04:50:52 +0x40930: -1 -> 0
04:50:52 +0x40948: -1 -> 0
04:50:52 +0x40960: -1 -> 0
04:50:52 +0x40978: -1 -> 0
04:50:52 +0x40990: -1 -> 0
04:50:52 +0x409A8: -1 -> 0
04:50:52 +0x409C0: -1 -> 0
04:50:52 +0x409D8: -1 -> 0
04:50:52 +0x409F0: -1 -> 0
04:50:52 +0x40A08: -1 -> 0
04:50:52 +0x40A20: -1 -> 0
04:50:52 +0x40A38: -1 -> 0
04:50:52 +0x40A50: -1 -> 0
04:50:52 +0x40A68: -1 -> 0
04:50:52 +0x40A80: -1 -> 0
04:50:52 +0x40A98: -1 -> 0
04:50:52 +0x40AB0: -1 -> 0
04:50:52 +0x40AC8: -1 -> 0
04:50:52 +0x40AE0: -1 -> 0
04:50:52 +0x40AF8: -1 -> 0
04:50:52 +0x40B10: -1 -> 0
04:50:52 +0x40B28: -1 -> 0
04:50:52 +0x40B40: -1 -> 0
04:50:52 +0x40B58: -1 -> 0
04:50:52 +0x40B70: -1 -> 0
04:50:52 +0x40B88: -1 -> 0
04:50:52 +0x40BA0: -1 -> 0
04:50:52 +0x40BB8: -1 -> 0
04:50:52 +0x40BD0: -1 -> 0
04:50:52 +0x40BE8: -1 -> 0
04:50:52 +0x40C00: -1 -> 0
04:50:52 +0x40C18: -1 -> 0
04:50:52 +0x40C30: -1 -> 0
04:50:52 +0x40C48: -1 -> 0
04:50:52 +0x40C60: -1 -> 0
04:50:52 +0x40C78: -1 -> 0
04:50:52 +0x40C90: -1 -> 0
04:50:52 +0x40CA8: -1 -> 0
04:50:52 +0x40CC0: -1 -> 0
04:50:52 +0x40CD8: -1 -> 0
04:50:52 +0x40CF0: -1 -> 0
04:50:52 +0x40D08: -1 -> 0
04:50:52 +0x40D20: -1 -> 0
04:50:52 +0x40D38: -1 -> 0
04:50:52 +0x40D50: -1 -> 0
04:50:52 +0x40D68: -1 -> 0
04:50:52 +0x40D80: -1 -> 0
04:50:52 +0x40D98: -1 -> 0
04:50:52 +0x40DB0: -1 -> 0
04:50:52 +0x40DC8: -1 -> 0
04:50:52 +0x40DE0: -1 -> 0
04:50:52 +0x40DF8: -1 -> 0
04:50:52 +0x40E10: -1 -> 0
04:50:52 +0x40E28: -1 -> 0
04:50:52 +0x40E40: -1 -> 0
04:50:52 +0x40E58: -1 -> 0
04:50:52 +0x40E70: -1 -> 0
04:50:52 +0x40E88: -1 -> 0
04:50:52 +0x40EA0: -1 -> 0
04:50:52 +0x40EB8: -1 -> 0
04:50:52 +0x40ED0: -1 -> 0
04:50:52 +0x40EE8: -1 -> 0
04:50:52 +0x40F00: -1 -> 0
04:50:52 +0x40F18: -1 -> 0
04:50:52 +0x40F30: -1 -> 0
04:50:52 +0x40F48: -1 -> 0
04:50:52 +0x40F60: -1 -> 0
04:50:52 +0x40F78: -1 -> 0
04:50:52 +0x40F90: -1 -> 0
04:50:52 +0x40FA8: -1 -> 0
04:50:52 +0x40FC0: -1 -> 0
04:50:52 +0x40FD8: -1 -> 0
04:50:52 +0x40FF0: -1 -> 0
04:50:52 +0x41008: -1 -> 0
04:50:52 +0x41020: -1 -> 0
04:50:52 +0x41038: -1 -> 0
04:50:52 +0x41050: -1 -> 0
04:50:52 +0x41068: -1 -> 0
04:50:52 +0x41080: -1 -> 0
04:50:52 +0x41098: -1 -> 0
04:50:52 +0x410B0: -1 -> 0
04:50:52 +0x410C8: -1 -> 0
04:50:52 +0x410E0: -1 -> 0
04:50:52 +0x410F8: -1 -> 0
04:50:52 +0x41110: -1 -> 0
04:50:52 +0x41128: -1 -> 0
04:50:52 +0x41140: -1 -> 0
04:50:52 +0x41158: -1 -> 0
04:50:52 +0x41170: -1 -> 0
04:50:52 +0x41188: -1 -> 0
04:50:52 +0x411A0: -1 -> 0
04:50:52 +0x411B8: -1 -> 0
04:50:52 +0x411D0: -1 -> 0
04:50:52 +0x411E8: -1 -> 0
04:50:52 +0x41200: -1 -> 0
04:50:52 +0x41218: -1 -> 0
04:50:52 +0x41230: -1 -> 0
04:50:52 +0x41248: -1 -> 0
04:50:52 +0x41260: -1 -> 0
04:50:52 +0x41278: -1 -> 0
04:50:52 +0x41290: -1 -> 0
04:50:52 +0x412A8: -1 -> 0
04:50:52 +0x412C0: -1 -> 0
04:50:52 +0x412D8: -1 -> 0
04:50:52 +0x412F0: -1 -> 0
04:50:52 +0x41308: -1 -> 0
04:50:52 +0x41320: -1 -> 0
04:50:52 +0x41338: -1 -> 0
04:50:52 +0x41350: -1 -> 0
04:50:52 +0x41368: -1 -> 0
04:50:52 +0x41380: -1 -> 0
04:50:52 +0x41398: -1 -> 0
04:50:52 +0x413B0: -1 -> 0
04:50:52 +0x413C8: -1 -> 0
04:50:52 +0x413E0: -1 -> 0
04:50:52 +0x413F8: -1 -> 0
04:50:52 +0x41410: -1 -> 0
04:50:52 +0x41428: -1 -> 0
04:50:52 +0x41440: -1 -> 0
04:50:52 +0x41458: -1 -> 0
04:50:52 +0x41470: -1 -> 0
04:50:52 +0x41488: -1 -> 0
04:50:52 +0x414A0: -1 -> 0
04:50:52 +0x414B8: -1 -> 0
04:50:52 +0x414D0: -1 -> 0
04:50:52 +0x414E8: -1 -> 0
04:50:52 +0x41500: -1 -> 0
04:50:52 +0x41518: -1 -> 0
04:50:52 +0x41530: -1 -> 0
04:50:52 +0x41548: -1 -> 0
04:50:52 +0x41560: -1 -> 0
04:50:52 +0x41578: -1 -> 0
04:50:52 +0x41590: -1 -> 0
04:50:52 +0x415A4: -1 -> 0
04:50:52 +0x415B0: 2 -> 0
04:50:52 +0x415B4: 22 -> 0
04:50:52 +0x415B8: 4 -> 0
04:50:52 +0x415BC: -1 -> 0
04:50:52 +0x415C0: -1 -> 0
04:50:52 +0x415C4: -1 -> 0
04:50:52 +0x415C8: -1 -> 0
04:50:52 +0x415CC: -1 -> 0
04:50:52 +0x415D0: 1 -> 0
04:50:52 +0x415D4: -1 -> 0
04:50:52 +0x415E0: 6 -> 0
04:50:52 +0x415E4: 7 -> 0
04:50:52 +0x415E8: 8 -> 0
04:50:52 +0x415EC: -1 -> 0
04:50:52 +0x415F0: -1 -> 0
04:50:52 +0x415F4: -1 -> 0
04:50:52 +0x415F8: -1 -> 0
04:50:52 +0x415FC: -1 -> 0
04:50:52 +0x41600: 2 -> 0
04:50:52 +0x41604: -1 -> 0
04:50:52 +0x41610: 11 -> 0
04:50:52 +0x41614: 12 -> 0
04:50:52 +0x41618: 13 -> 0
04:50:52 +0x4161C: -1 -> 0
04:50:52 +0x41620: -1 -> 0
04:50:52 +0x41624: -1 -> 0
04:50:52 +0x41628: -1 -> 0
04:50:52 +0x4162C: -1 -> 0
04:50:52 +0x41630: 3 -> 0
04:50:52 +0x41634: -1 -> 0
04:50:52 +0x41640: 16 -> 0
04:50:52 +0x41644: 17 -> 0
04:50:52 +0x41648: 18 -> 0
04:50:52 +0x4164C: 19 -> 0
04:50:52 +0x41650: -1 -> 0
04:50:52 +0x41654: -1 -> 0
04:50:52 +0x41658: -1 -> 0
04:50:52 +0x4165C: -1 -> 0
04:50:52 +0x41660: 4 -> 0
04:50:52 +0x41664: -1 -> 0
04:50:52 +0x41670: -1 -> 0
04:50:52 +0x41674: -1 -> 0
04:50:52 +0x41678: -1 -> 0
04:50:52 +0x4167C: -1 -> 0
04:50:52 +0x41680: -1 -> 0
04:50:52 +0x41684: -1 -> 0
04:50:52 +0x41688: -1 -> 0
04:50:52 +0x4168C: -1 -> 0
04:50:52 +0x41690: 5 -> 0
04:50:52 +0x41694: -1 -> 0
04:50:52 +0x416A0: -1 -> 0
04:50:52 +0x416A4: -1 -> 0
04:50:52 +0x416A8: -1 -> 0
04:50:52 +0x416AC: -1 -> 0
04:50:52 +0x416B0: -1 -> 0
04:50:52 +0x416B4: -1 -> 0
04:50:52 +0x416B8: -1 -> 0
04:50:52 +0x416BC: -1 -> 0
04:50:52 +0x416C0: 6 -> 0
04:50:52 +0x416C4: -1 -> 0
04:50:52 +0x416D0: -1 -> 0
04:50:52 +0x416D4: -1 -> 0
04:50:52 +0x416D8: -1 -> 0
04:50:52 +0x416DC: -1 -> 0
04:50:52 +0x416E0: -1 -> 0
04:50:52 +0x416E4: -1 -> 0
04:50:52 +0x416E8: -1 -> 0
04:50:52 +0x416EC: -1 -> 0
04:50:52 +0x416F0: 7 -> 0
04:50:52 +0x416F4: -1 -> 0
04:50:52 +0x41700: -1 -> 0
04:50:52 +0x41704: -1 -> 0
04:50:52 +0x41708: -1 -> 0
04:50:52 +0x4170C: -1 -> 0
04:50:52 +0x41710: -1 -> 0
04:50:52 +0x41714: -1 -> 0
04:50:52 +0x41718: -1 -> 0
04:50:52 +0x4171C: -1 -> 0
04:50:52 +0x41720: 9 -> 0
04:50:52 +0x41724: 1001 -> 0
04:50:52 +0x41734: 1 -> 0
04:50:52 +0x41738: -1 -> 0
04:50:52 +0x4173C: -1 -> 0
04:50:52 +0x41740: -1 -> 0
04:50:52 +0x41744: -1 -> 0
04:50:52 +0x41748: -1 -> 0
04:50:52 +0x4174C: -1 -> 0
04:50:52 +0x41750: 9 -> 0
04:50:52 +0x41754: 2001 -> 0
04:50:52 +0x41760: 5 -> 0
04:50:52 +0x41764: -1 -> 0
04:50:52 +0x41768: -1 -> 0
04:50:52 +0x4176C: -1 -> 0
04:50:52 +0x41770: -1 -> 0
04:50:52 +0x41774: -1 -> 0
04:50:52 +0x41778: -1 -> 0
04:50:52 +0x4177C: -1 -> 0
04:50:52 +0x41780: 9 -> 0
04:50:52 +0x41784: 3001 -> 0
04:50:52 +0x41790: 9 -> 0
04:50:52 +0x41794: 10 -> 0
04:50:52 +0x41798: -1 -> 0
04:50:52 +0x4179C: -1 -> 0
04:50:52 +0x417A0: -1 -> 0
04:50:52 +0x417A4: -1 -> 0
04:50:52 +0x417A8: -1 -> 0
04:50:52 +0x417AC: -1 -> 0
04:50:52 +0x417B0: 9 -> 0
04:50:52 +0x417B4: 4001 -> 0
04:50:52 +0x417C0: 14 -> 0
04:50:52 +0x417C4: 15 -> 0
04:50:52 +0x417C8: -1 -> 0
04:50:52 +0x417CC: -1 -> 0
04:50:52 +0x417D0: -1 -> 0
04:50:52 +0x417D4: -1 -> 0
04:50:52 +0x417D8: -1 -> 0
04:50:52 +0x417DC: -1 -> 0
04:50:52 +0x417E0: 9 -> 0
04:50:52 +0x417E4: 1002 -> 0
04:50:52 +0x417F4: 1 -> 0
04:50:52 +0x417F8: 40 -> 0
04:50:52 +0x417FC: -1 -> 0
04:50:52 +0x41800: -1 -> 0
04:50:52 +0x41804: -1 -> 0
04:50:52 +0x41808: -1 -> 0
04:50:52 +0x4180C: -1 -> 0
04:50:52 +0x41810: 9 -> 0
04:50:52 +0x41814: -1 -> 0
04:50:52 +0x41820: -1 -> 0
04:50:52 +0x41824: -1 -> 0
04:50:52 +0x41828: -1 -> 0
04:50:52 +0x4182C: -1 -> 0
04:50:52 +0x41830: -1 -> 0
04:50:52 +0x41834: -1 -> 0
04:50:52 +0x41838: -1 -> 0
04:50:52 +0x4183C: -1 -> 0
04:50:52 +0x41840: 9 -> 0
04:50:52 +0x41844: -1 -> 0
04:50:52 +0x41850: -1 -> 0
04:50:52 +0x41854: -1 -> 0
04:50:52 +0x41858: -1 -> 0
04:50:52 +0x4185C: -1 -> 0
04:50:52 +0x41860: -1 -> 0
04:50:52 +0x41864: -1 -> 0
04:50:52 +0x41868: -1 -> 0
04:50:52 +0x4186C: -1 -> 0
04:50:52 +0x41870: 9 -> 0
04:50:52 +0x41874: -1 -> 0
04:50:52 +0x41880: -1 -> 0
04:50:52 +0x41884: -1 -> 0
04:50:52 +0x41888: -1 -> 0
04:50:52 +0x4188C: -1 -> 0
04:50:52 +0x41890: -1 -> 0
04:50:52 +0x41894: -1 -> 0
04:50:52 +0x41898: -1 -> 0
04:50:52 +0x4189C: -1 -> 0
04:50:52 +0x418A0: 9 -> 0
04:50:52 +0x418A4: -1 -> 0
04:50:52 +0x418B0: -1 -> 0
04:50:52 +0x418B4: -1 -> 0
04:50:52 +0x418B8: -1 -> 0
04:50:52 +0x418BC: -1 -> 0
04:50:52 +0x418C0: -1 -> 0
04:50:52 +0x418C4: -1 -> 0
04:50:52 +0x418C8: -1 -> 0
04:50:52 +0x418CC: -1 -> 0
04:50:52 +0x418D0: 9 -> 0
04:50:52 +0x418D4: -1 -> 0
04:50:52 +0x418E0: -1 -> 0
04:50:52 +0x418E4: -1 -> 0
04:50:52 +0x418E8: -1 -> 0
04:50:52 +0x418EC: -1 -> 0
04:50:52 +0x418F0: -1 -> 0
04:50:52 +0x418F4: -1 -> 0
04:50:52 +0x418F8: -1 -> 0
04:50:52 +0x418FC: -1 -> 0
04:50:52 +0x41900: 9 -> 0
04:50:52 +0x41904: -1 -> 0
04:50:52 +0x41910: -1 -> 0
04:50:52 +0x41914: -1 -> 0
04:50:52 +0x41918: -1 -> 0
04:50:52 +0x4191C: -1 -> 0
04:50:52 +0x41920: -1 -> 0
04:50:52 +0x41924: -1 -> 0
04:50:52 +0x41928: -1 -> 0
04:50:52 +0x4192C: -1 -> 0
04:50:52 +0x41930: 9 -> 0
04:50:52 +0x41934: -1 -> 0
04:50:52 +0x41940: -1 -> 0
04:50:52 +0x41944: -1 -> 0
04:50:52 +0x41948: -1 -> 0
04:50:52 +0x4194C: -1 -> 0
04:50:52 +0x41950: -1 -> 0
04:50:52 +0x41954: -1 -> 0
04:50:52 +0x41958: -1 -> 0
04:50:52 +0x4195C: -1 -> 0
04:50:52 +0x41960: 9 -> 0
04:50:52 +0x41964: -1 -> 0
04:50:52 +0x41970: -1 -> 0
04:50:52 +0x41974: -1 -> 0
04:50:52 +0x41978: -1 -> 0
04:50:52 +0x4197C: -1 -> 0
04:50:52 +0x41980: -1 -> 0
04:50:52 +0x41984: -1 -> 0
04:50:52 +0x41988: -1 -> 0
04:50:52 +0x4198C: -1 -> 0
04:50:52 +0x41990: 9 -> 0
04:50:52 +0x41994: -1 -> 0
04:50:52 +0x419A0: -1 -> 0
04:50:52 +0x419A4: -1 -> 0
04:50:52 +0x419A8: -1 -> 0
04:50:52 +0x419AC: -1 -> 0
04:50:52 +0x419B0: -1 -> 0
04:50:52 +0x419B4: -1 -> 0
04:50:52 +0x419B8: -1 -> 0
04:50:52 +0x419BC: -1 -> 0
04:50:52 +0x419C0: 9 -> 0
04:50:52 +0x419C4: -1 -> 0
04:50:52 +0x419D0: -1 -> 0
04:50:52 +0x419D4: -1 -> 0
04:50:52 +0x419D8: -1 -> 0
04:50:52 +0x419DC: -1 -> 0
04:50:52 +0x419E0: -1 -> 0
04:50:52 +0x419E4: -1 -> 0
04:50:52 +0x419E8: -1 -> 0
04:50:52 +0x419EC: -1 -> 0
04:50:52 +0x419F0: 9 -> 0
04:50:52 +0x419F4: -1 -> 0
04:50:52 +0x41A00: -1 -> 0
04:50:52 +0x41A04: -1 -> 0
04:50:52 +0x41A08: -1 -> 0
04:50:52 +0x41A0C: -1 -> 0
04:50:52 +0x41A10: -1 -> 0
04:50:52 +0x41A14: -1 -> 0
04:50:52 +0x41A18: -1 -> 0
04:50:52 +0x41A1C: -1 -> 0
04:50:52 +0x41A20: 9 -> 0
04:50:52 +0x41A24: -1 -> 0
04:50:52 +0x41A30: -1 -> 0
04:50:52 +0x41A34: -1 -> 0
04:50:52 +0x41A38: -1 -> 0
04:50:52 +0x41A3C: -1 -> 0
04:50:52 +0x41A40: -1 -> 0
04:50:52 +0x41A44: -1 -> 0
04:50:52 +0x41A48: -1 -> 0
04:50:52 +0x41A4C: -1 -> 0
04:50:52 +0x41A50: 9 -> 0
04:50:52 +0x41A54: -1 -> 0
04:50:52 +0x41A60: -1 -> 0
04:50:52 +0x41A64: -1 -> 0
04:50:52 +0x41A68: -1 -> 0
04:50:52 +0x41A6C: -1 -> 0
04:50:52 +0x41A70: -1 -> 0
04:50:52 +0x41A74: -1 -> 0
04:50:52 +0x41A78: -1 -> 0
04:50:52 +0x41A7C: -1 -> 0
04:50:52 +0x41A80: 9 -> 0
04:50:52 +0x41A84: -1 -> 0
04:50:52 +0x41A90: -1 -> 0
04:50:52 +0x41A94: -1 -> 0
04:50:52 +0x41A98: -1 -> 0
04:50:52 +0x41A9C: -1 -> 0
04:50:52 +0x41AA0: -1 -> 0
04:50:52 +0x41AA4: -1 -> 0
04:50:52 +0x41AA8: -1 -> 0
04:50:52 +0x41AAC: -1 -> 0
04:50:52 +0x41AB0: 9 -> 0
04:50:52 +0x41AB4: -1 -> 0
04:50:52 +0x41AC0: -1 -> 0
04:50:52 +0x41AC4: -1 -> 0
04:50:52 +0x41AC8: -1 -> 0
04:50:52 +0x41ACC: -1 -> 0
04:50:52 +0x41AD0: -1 -> 0
04:50:52 +0x41AD4: -1 -> 0
04:50:52 +0x41AD8: -1 -> 0
04:50:52 +0x41ADC: -1 -> 0
04:50:52 +0x41AE0: 9 -> 0
04:50:52 +0x41AE4: -1 -> 0
04:50:52 +0x41AF0: -1 -> 0
04:50:52 +0x41AF4: -1 -> 0
04:50:52 +0x41AF8: -1 -> 0
04:50:52 +0x41AFC: -1 -> 0
04:50:52 +0x41B00: -1 -> 0
04:50:52 +0x41B04: -1 -> 0
04:50:52 +0x41B08: -1 -> 0
04:50:52 +0x41B0C: -1 -> 0
04:50:52 +0x41B10: 9 -> 0
04:50:52 +0x41B14: -1 -> 0
04:50:52 +0x41B20: -1 -> 0
04:50:52 +0x41B24: -1 -> 0
04:50:52 +0x41B28: -1 -> 0
04:50:52 +0x41B2C: -1 -> 0
04:50:52 +0x41B30: -1 -> 0
04:50:52 +0x41B34: -1 -> 0
04:50:52 +0x41B38: -1 -> 0
04:50:52 +0x41B3C: -1 -> 0
04:50:52 +0x41B40: 9 -> 0
04:50:52 +0x41B44: -1 -> 0
04:50:52 +0x41B50: -1 -> 0
04:50:52 +0x41B54: -1 -> 0
04:50:52 +0x41B58: -1 -> 0
04:50:52 +0x41B5C: -1 -> 0
04:50:52 +0x41B60: -1 -> 0
04:50:52 +0x41B64: -1 -> 0
04:50:52 +0x41B68: -1 -> 0
04:50:52 +0x41B6C: -1 -> 0
04:50:52 +0x41B70: 9 -> 0
04:50:52 +0x41B74: -1 -> 0
04:50:52 +0x41B80: -1 -> 0
04:50:52 +0x41B84: -1 -> 0
04:50:52 +0x41B88: -1 -> 0
04:50:52 +0x41B8C: -1 -> 0
04:50:52 +0x41B90: -1 -> 0
04:50:52 +0x41B94: -1 -> 0
04:50:52 +0x41B98: -1 -> 0
04:50:52 +0x41B9C: -1 -> 0
04:50:52 +0x41BA0: 9 -> 0
04:50:52 +0x41BA4: -1 -> 0
04:50:52 +0x41BB0: -1 -> 0
04:50:52 +0x41BB4: -1 -> 0
04:50:52 +0x41BB8: -1 -> 0
04:50:52 +0x41BBC: -1 -> 0
04:50:52 +0x41BC0: -1 -> 0
04:50:52 +0x41BC4: -1 -> 0
04:50:52 +0x41BC8: -1 -> 0
04:50:52 +0x41BCC: -1 -> 0
04:50:52 +0x41BD0: 9 -> 0
04:50:52 +0x41BD4: -1 -> 0
04:50:52 +0x41BE0: -1 -> 0
04:50:52 +0x41BE4: -1 -> 0
04:50:52 +0x41BE8: -1 -> 0
04:50:52 +0x41BEC: -1 -> 0
04:50:52 +0x41BF0: -1 -> 0
04:50:52 +0x41BF4: -1 -> 0
04:50:52 +0x41BF8: -1 -> 0
04:50:52 +0x41BFC: -1 -> 0
04:50:52 +0x41C00: 9 -> 0
04:50:52 +0x41C04: -1 -> 0
04:50:52 +0x41C10: -1 -> 0
04:50:52 +0x41C14: -1 -> 0
04:50:52 +0x41C18: -1 -> 0
04:50:52 +0x41C1C: -1 -> 0
04:50:52 +0x41C20: -1 -> 0
04:50:52 +0x41C24: -1 -> 0
04:50:52 +0x41C28: -1 -> 0
04:50:52 +0x41C2C: -1 -> 0
04:50:52 +0x41C30: 9 -> 0
04:50:52 +0x41C34: -1 -> 0
04:50:52 +0x41C40: -1 -> 0
04:50:52 +0x41C44: -1 -> 0
04:50:52 +0x41C48: -1 -> 0
04:50:52 +0x41C4C: -1 -> 0
04:50:52 +0x41C50: -1 -> 0
04:50:52 +0x41C54: -1 -> 0
04:50:52 +0x41C58: -1 -> 0
04:50:52 +0x41C5C: -1 -> 0
04:50:52 +0x41C60: 9 -> 0
04:50:52 +0x41C64: -1 -> 0
04:50:52 +0x41C70: -1 -> 0
04:50:52 +0x41C74: -1 -> 0
04:50:52 +0x41C78: -1 -> 0
04:50:52 +0x41C7C: -1 -> 0
04:50:52 +0x41C80: -1 -> 0
04:50:52 +0x41C84: -1 -> 0
04:50:52 +0x41C88: -1 -> 0
04:50:52 +0x41C8C: -1 -> 0
04:50:52 +0x41C90: 9 -> 0
04:50:52 +0x41C94: -1 -> 0
04:50:52 +0x41CA0: -1 -> 0
04:50:52 +0x41CA4: -1 -> 0
04:50:52 +0x41CA8: -1 -> 0
04:50:52 +0x41CAC: -1 -> 0
04:50:52 +0x41CB0: -1 -> 0
04:50:52 +0x41CB4: -1 -> 0
04:50:52 +0x41CB8: -1 -> 0
04:50:52 +0x41CBC: -1 -> 0
04:50:52 +0x41CC0: 9 -> 0
04:50:52 +0x41CC4: -1 -> 0
04:50:52 +0x41CD0: -1 -> 0
04:50:52 +0x41CD4: -1 -> 0
04:50:52 +0x41CD8: -1 -> 0
04:50:52 +0x41CDC: -1 -> 0
04:50:52 +0x41CE0: -1 -> 0
04:50:52 +0x41CE4: -1 -> 0
04:50:52 +0x41CE8: -1 -> 0
04:50:52 +0x41CEC: -1 -> 0
04:50:52 +0x41CF0: 9 -> 0
04:50:52 +0x41CF4: -1 -> 0
04:50:52 +0x41D00: -1 -> 0
04:50:52 +0x41D04: -1 -> 0
04:50:52 +0x41D08: -1 -> 0
04:50:52 +0x41D0C: -1 -> 0
04:50:52 +0x41D10: -1 -> 0
04:50:52 +0x41D14: -1 -> 0
04:50:52 +0x41D18: -1 -> 0
04:50:52 +0x41D1C: -1 -> 0
04:50:52 +0x41D20: 9 -> 0
04:50:52 +0x41D24: -1 -> 0
04:50:52 +0x41D30: -1 -> 0
04:50:52 +0x41D34: -1 -> 0
04:50:52 +0x41D38: -1 -> 0
04:50:52 +0x41D3C: -1 -> 0
04:50:52 +0x41D40: -1 -> 0
04:50:52 +0x41D44: -1 -> 0
04:50:52 +0x41D48: -1 -> 0
04:50:52 +0x41D4C: -1 -> 0
04:50:52 +0x41D50: 9 -> 0
04:50:52 +0x41D54: -1 -> 0
04:50:52 +0x41D60: -1 -> 0
04:50:52 +0x41D64: -1 -> 0
04:50:52 +0x41D68: -1 -> 0
04:50:52 +0x41D6C: -1 -> 0
04:50:52 +0x41D70: -1 -> 0
04:50:52 +0x41D74: -1 -> 0
04:50:52 +0x41D78: -1 -> 0
04:50:52 +0x41D7C: -1 -> 0
04:50:52 +0x41D80: 9 -> 0
04:50:52 +0x41D84: -1 -> 0
04:50:52 +0x41D90: -1 -> 0
04:50:52 +0x41D94: -1 -> 0
04:50:52 +0x41D98: -1 -> 0
04:50:52 +0x41D9C: -1 -> 0
04:50:52 +0x41DA0: -1 -> 0
04:50:52 +0x41DA4: -1 -> 0
04:50:52 +0x41DA8: -1 -> 0
04:50:52 +0x41DAC: -1 -> 0
04:50:52 +0x41DB0: 9 -> 0
04:50:52 +0x41DB4: -1 -> 0
04:50:52 +0x41DC0: -1 -> 0
04:50:52 +0x41DC4: -1 -> 0
04:50:52 +0x41DC8: -1 -> 0
04:50:52 +0x41DCC: -1 -> 0
04:50:52 +0x41DD0: -1 -> 0
04:50:52 +0x41DD4: -1 -> 0
04:50:52 +0x41DD8: -1 -> 0
04:50:52 +0x41DDC: -1 -> 0
04:50:52 +0x41DE0: 9 -> 0
04:50:52 +0x41DE4: -1 -> 0
04:50:52 +0x41DF0: -1 -> 0
04:50:52 +0x41DF4: -1 -> 0
04:50:52 +0x41DF8: -1 -> 0
04:50:52 +0x41DFC: -1 -> 0
04:50:52 +0x41E00: -1 -> 0
04:50:52 +0x41E04: -1 -> 0
04:50:52 +0x41E08: -1 -> 0
04:50:52 +0x41E0C: -1 -> 0
04:50:52 +0x41E10: 9 -> 0
04:50:52 +0x41E14: -1 -> 0
04:50:52 +0x41E20: -1 -> 0
04:50:52 +0x41E24: -1 -> 0
04:50:52 +0x41E28: -1 -> 0
04:50:52 +0x41E2C: -1 -> 0
04:50:52 +0x41E30: -1 -> 0
04:50:52 +0x41E34: -1 -> 0
04:50:52 +0x41E38: -1 -> 0
04:50:52 +0x41E3C: -1 -> 0
04:50:52 +0x41E40: 9 -> 0
04:50:52 +0x41E44: -1 -> 0
04:50:52 +0x41E50: -1 -> 0
04:50:52 +0x41E54: -1 -> 0
04:50:52 +0x41E58: -1 -> 0
04:50:52 +0x41E5C: -1 -> 0
04:50:52 +0x41E60: -1 -> 0
04:50:52 +0x41E64: -1 -> 0
04:50:52 +0x41E68: -1 -> 0
04:50:52 +0x41E6C: -1 -> 0
04:50:52 +0x41E70: 9 -> 0
04:50:52 +0x41E74: -1 -> 0
04:50:52 +0x41E80: -1 -> 0
04:50:52 +0x41E84: -1 -> 0
04:50:52 +0x41E88: -1 -> 0
04:50:52 +0x41E8C: -1 -> 0
04:50:52 +0x41E90: -1 -> 0
04:50:52 +0x41E94: -1 -> 0
04:50:52 +0x41E98: -1 -> 0
04:50:52 +0x41E9C: -1 -> 0
04:50:52 +0x41EA0: 9 -> 0
04:50:52 +0x41EA4: -1 -> 0
04:50:52 +0x41EB0: -1 -> 0
04:50:52 +0x41EB4: -1 -> 0
04:50:52 +0x41EB8: -1 -> 0
04:50:52 +0x41EBC: -1 -> 0
04:50:52 +0x41EC0: -1 -> 0
04:50:52 +0x41EC4: -1 -> 0
04:50:52 +0x41EC8: -1 -> 0
04:50:52 +0x41ECC: -1 -> 0
04:50:52 +0x41ED0: 9 -> 0
04:50:52 +0x41ED4: -1 -> 0
04:50:52 +0x41EE0: -1 -> 0
04:50:52 +0x41EE4: -1 -> 0
04:50:52 +0x41EE8: -1 -> 0
04:50:52 +0x41EEC: -1 -> 0
04:50:52 +0x41EF0: -1 -> 0
04:50:52 +0x41EF4: -1 -> 0
04:50:52 +0x41EF8: -1 -> 0
04:50:52 +0x41EFC: -1 -> 0
04:50:52 +0x41F00: 9 -> 0
04:50:52 +0x41F04: -1 -> 0
04:50:52 +0x41F10: -1 -> 0
04:50:52 +0x41F14: -1 -> 0
04:50:52 +0x41F18: -1 -> 0
04:50:52 +0x41F1C: -1 -> 0
04:50:52 +0x41F20: -1 -> 0
04:50:52 +0x41F24: -1 -> 0
04:50:52 +0x41F28: -1 -> 0
04:50:52 +0x41F2C: -1 -> 0
04:50:52 +0x41F30: 9 -> 0
04:50:52 +0x41F34: -1 -> 0
04:50:52 +0x41F40: -1 -> 0
04:50:52 +0x41F44: -1 -> 0
04:50:52 +0x41F48: -1 -> 0
04:50:52 +0x41F4C: -1 -> 0
04:50:52 +0x41F50: -1 -> 0
04:50:52 +0x41F54: -1 -> 0
04:50:52 +0x41F58: -1 -> 0
04:50:52 +0x41F5C: -1 -> 0
04:50:52 +0x41F60: 9 -> 0
04:50:52 +0x41F64: -1 -> 0
04:50:52 +0x41F70: -1 -> 0
04:50:52 +0x41F74: -1 -> 0
04:50:52 +0x41F78: -1 -> 0
04:50:52 +0x41F7C: -1 -> 0
04:50:52 +0x41F80: -1 -> 0
04:50:52 +0x41F84: -1 -> 0
04:50:52 +0x41F88: -1 -> 0
04:50:52 +0x41F8C: -1 -> 0
04:50:52 +0x41F90: 9 -> 0
04:50:52 +0x41F94: -1 -> 0
04:50:52 +0x41FA0: -1 -> 0
04:50:52 +0x41FA4: -1 -> 0
04:50:52 +0x41FA8: -1 -> 0
04:50:52 +0x41FAC: -1 -> 0
04:50:52 +0x41FB0: -1 -> 0
04:50:52 +0x41FB4: -1 -> 0
04:50:52 +0x41FB8: -1 -> 0
04:50:52 +0x41FBC: -1 -> 0
04:50:52 +0x41FC0: 9 -> 0
04:50:52 +0x41FC4: -1 -> 0
04:50:52 +0x41FD0: -1 -> 0
04:50:52 +0x41FD4: -1 -> 0
04:50:52 +0x41FD8: -1 -> 0
04:50:52 +0x41FDC: -1 -> 0
04:50:52 +0x41FE0: -1 -> 0
04:50:52 +0x41FE4: -1 -> 0
04:50:52 +0x41FE8: -1 -> 0
04:50:52 +0x41FEC: -1 -> 0
04:50:52 +0x41FF0: 9 -> 0
04:50:52 +0x41FF4: -1 -> 0
04:50:52 +0x42000: -1 -> 0
04:50:52 +0x42004: -1 -> 0
04:50:52 +0x42008: -1 -> 0
04:50:52 +0x4200C: -1 -> 0
04:50:52 +0x42010: -1 -> 0
04:50:52 +0x42014: -1 -> 0
04:50:52 +0x42018: -1 -> 0
04:50:52 +0x4201C: -1 -> 0
04:50:52 +0x42020: 9 -> 0
04:50:52 +0x42024: -1 -> 0
04:50:52 +0x42030: -1 -> 0
04:50:52 +0x42034: -1 -> 0
04:50:52 +0x42038: -1 -> 0
04:50:52 +0x4203C: -1 -> 0
04:50:52 +0x42040: -1 -> 0
04:50:52 +0x42044: -1 -> 0
04:50:52 +0x42048: -1 -> 0
04:50:52 +0x4204C: -1 -> 0
04:50:52 +0x42050: 9 -> 0
04:50:52 +0x42054: -1 -> 0
04:50:52 +0x42060: -1 -> 0
04:50:52 +0x42064: -1 -> 0
04:50:52 +0x42068: -1 -> 0
04:50:52 +0x4206C: -1 -> 0
04:50:52 +0x42070: -1 -> 0
04:50:52 +0x42074: -1 -> 0
04:50:52 +0x42078: -1 -> 0
04:50:52 +0x4207C: -1 -> 0
04:50:52 +0x42080: 9 -> 0
04:50:52 +0x42084: -1 -> 0
04:50:52 +0x42090: -1 -> 0
04:50:52 +0x42094: -1 -> 0
04:50:52 +0x42098: -1 -> 0
04:50:52 +0x4209C: -1 -> 0
04:50:52 +0x420A0: -1 -> 0
04:50:52 +0x420A4: -1 -> 0
04:50:52 +0x420A8: -1 -> 0
04:50:52 +0x420AC: -1 -> 0
04:50:52 +0x420B0: 9 -> 0
04:50:52 +0x420B4: -1 -> 0
04:50:52 +0x420C0: -1 -> 0
04:50:52 +0x420C4: -1 -> 0
04:50:52 +0x420C8: -1 -> 0
04:50:52 +0x420CC: -1 -> 0
04:50:52 +0x420D0: -1 -> 0
04:50:52 +0x420D4: -1 -> 0
04:50:52 +0x420D8: -1 -> 0
04:50:52 +0x420DC: -1 -> 0
04:50:52 +0x420E0: 9 -> 0
04:50:52 +0x420E4: -1 -> 0
04:50:52 +0x420F0: -1 -> 0
04:50:52 +0x420F4: -1 -> 0
04:50:52 +0x420F8: -1 -> 0
04:50:52 +0x420FC: -1 -> 0
04:50:52 +0x42100: -1 -> 0
04:50:52 +0x42104: -1 -> 0
04:50:52 +0x42108: -1 -> 0
04:50:52 +0x4210C: -1 -> 0
04:50:52 +0x42110: 9 -> 0
04:50:52 +0x42114: -1 -> 0
04:50:52 +0x42120: -1 -> 0
04:50:52 +0x42124: -1 -> 0
04:50:52 +0x42128: -1 -> 0
04:50:52 +0x4212C: -1 -> 0
04:50:52 +0x42130: -1 -> 0
04:50:52 +0x42134: -1 -> 0
04:50:52 +0x42138: -1 -> 0
04:50:52 +0x4213C: -1 -> 0
04:50:52 +0x42140: 9 -> 0
04:50:52 +0x42144: -1 -> 0
04:50:52 +0x42150: -1 -> 0
04:50:52 +0x42154: -1 -> 0
04:50:52 +0x42158: -1 -> 0
04:50:52 +0x4215C: -1 -> 0
04:50:52 +0x42160: -1 -> 0
04:50:52 +0x42164: -1 -> 0
04:50:52 +0x42168: -1 -> 0
04:50:52 +0x4216C: -1 -> 0
04:50:52 +0x42170: 9 -> 0
04:50:52 +0x42174: -1 -> 0
04:50:52 +0x42180: -1 -> 0
04:50:52 +0x42184: -1 -> 0
04:50:52 +0x42188: -1 -> 0
04:50:52 +0x4218C: -1 -> 0
04:50:52 +0x42190: -1 -> 0
04:50:52 +0x42194: -1 -> 0
04:50:52 +0x42198: -1 -> 0
04:50:52 +0x4219C: -1 -> 0
04:50:52 +0x421A0: 9 -> 0
04:50:52 +0x421A4: -1 -> 0
04:50:52 +0x421B0: -1 -> 0
04:50:52 +0x421B4: -1 -> 0
04:50:52 +0x421B8: -1 -> 0
04:50:52 +0x421BC: -1 -> 0
04:50:52 +0x421C0: -1 -> 0
04:50:52 +0x421C4: -1 -> 0
04:50:52 +0x421C8: -1 -> 0
04:50:52 +0x421CC: -1 -> 0
04:50:52 +0x421D0: 9 -> 0
04:50:52 +0x421D4: -1 -> 0
04:50:52 +0x421E0: -1 -> 0
04:50:52 +0x421E4: -1 -> 0
04:50:52 +0x421E8: -1 -> 0
04:50:52 +0x421EC: -1 -> 0
04:50:52 +0x421F0: -1 -> 0
04:50:52 +0x421F4: -1 -> 0
04:50:52 +0x421F8: -1 -> 0
04:50:52 +0x421FC: -1 -> 0
04:50:52 +0x42200: 9 -> 0
04:50:52 +0x42204: -1 -> 0
04:50:52 +0x42210: -1 -> 0
04:50:52 +0x42214: -1 -> 0
04:50:52 +0x42218: -1 -> 0
04:50:52 +0x4221C: -1 -> 0
04:50:52 +0x42220: -1 -> 0
04:50:52 +0x42224: -1 -> 0
04:50:52 +0x42228: -1 -> 0
04:50:52 +0x4222C: -1 -> 0
04:50:52 +0x42230: 9 -> 0
04:50:52 +0x42234: -1 -> 0
04:50:52 +0x42240: -1 -> 0
04:50:52 +0x42244: -1 -> 0
04:50:52 +0x42248: -1 -> 0
04:50:52 +0x4224C: -1 -> 0
04:50:52 +0x42250: -1 -> 0
04:50:52 +0x42254: -1 -> 0
04:50:52 +0x42258: -1 -> 0
04:50:52 +0x4225C: -1 -> 0
04:50:52 +0x42260: 9 -> 0
04:50:52 +0x42264: -1 -> 0
04:50:52 +0x42270: -1 -> 0
04:50:52 +0x42274: -1 -> 0
04:50:52 +0x42278: -1 -> 0
04:50:52 +0x4227C: -1 -> 0
04:50:52 +0x42280: -1 -> 0
04:50:52 +0x42284: -1 -> 0
04:50:52 +0x42288: -1 -> 0
04:50:52 +0x4228C: -1 -> 0
04:50:52 +0x42290: 9 -> 0
04:50:52 +0x42294: -1 -> 0
04:50:52 +0x422A0: -1 -> 0
04:50:52 +0x422A4: -1 -> 0
04:50:52 +0x422A8: -1 -> 0
04:50:52 +0x422AC: -1 -> 0
04:50:52 +0x422B0: -1 -> 0
04:50:52 +0x422B4: -1 -> 0
04:50:52 +0x422B8: -1 -> 0
04:50:52 +0x422BC: -1 -> 0
04:50:52 +0x422C0: 9 -> 0
04:50:52 +0x422C4: -1 -> 0
04:50:52 +0x422D0: -1 -> 0
04:50:52 +0x422D4: -1 -> 0
04:50:52 +0x422D8: -1 -> 0
04:50:52 +0x422DC: -1 -> 0
04:50:52 +0x422E0: -1 -> 0
04:50:52 +0x422E4: -1 -> 0
04:50:52 +0x422E8: -1 -> 0
04:50:52 +0x422EC: -1 -> 0
04:50:52 +0x422F0: 9 -> 0
04:50:52 +0x422F4: -1 -> 0
04:50:52 +0x42300: -1 -> 0
04:50:52 +0x42304: -1 -> 0
04:50:52 +0x42308: -1 -> 0
04:50:52 +0x4230C: -1 -> 0
04:50:52 +0x42310: -1 -> 0
04:50:52 +0x42314: -1 -> 0
04:50:52 +0x42318: -1 -> 0
04:50:52 +0x4231C: -1 -> 0
04:50:52 +0x42320: 9 -> 0
04:50:52 +0x42324: -1 -> 0
04:50:52 +0x42330: -1 -> 0
04:50:52 +0x42334: -1 -> 0
04:50:52 +0x42338: -1 -> 0
04:50:52 +0x4233C: -1 -> 0
04:50:52 +0x42340: -1 -> 0
04:50:52 +0x42344: -1 -> 0
04:50:52 +0x42348: -1 -> 0
04:50:52 +0x4234C: -1 -> 0
04:50:52 +0x42350: 9 -> 0
04:50:52 +0x42354: -1 -> 0
04:50:52 +0x42360: -1 -> 0
04:50:52 +0x42364: -1 -> 0
04:50:52 +0x42368: -1 -> 0
04:50:52 +0x4236C: -1 -> 0
04:50:52 +0x42370: -1 -> 0
04:50:52 +0x42374: -1 -> 0
04:50:52 +0x42378: -1 -> 0
04:50:52 +0x4237C: -1 -> 0
04:50:52 +0x42380: 9 -> 0
04:50:52 +0x42384: -1 -> 0
04:50:52 +0x42390: -1 -> 0
04:50:52 +0x42394: -1 -> 0
04:50:52 +0x42398: -1 -> 0
04:50:52 +0x4239C: -1 -> 0
04:50:52 +0x423A0: -1 -> 0
04:50:52 +0x423A4: -1 -> 0
04:50:52 +0x423A8: -1 -> 0
04:50:52 +0x423AC: -1 -> 0
04:50:52 +0x423B0: 9 -> 0
04:50:52 +0x423B4: -1 -> 0
04:50:52 +0x423C0: -1 -> 0
04:50:52 +0x423C4: -1 -> 0
04:50:52 +0x423C8: -1 -> 0
04:50:52 +0x423CC: -1 -> 0
04:50:52 +0x423D0: -1 -> 0
04:50:52 +0x423D4: -1 -> 0
04:50:52 +0x423D8: -1 -> 0
04:50:52 +0x423DC: -1 -> 0
04:50:52 +0x423E0: 9 -> 0
04:50:52 +0x423E4: -1 -> 0
04:50:52 +0x423F0: -1 -> 0
04:50:52 +0x423F4: -1 -> 0
04:50:52 +0x423F8: -1 -> 0
04:50:52 +0x423FC: -1 -> 0
04:50:52 +0x42400: -1 -> 0
04:50:52 +0x42404: -1 -> 0
04:50:52 +0x42408: -1 -> 0
04:50:52 +0x4240C: -1 -> 0
04:50:52 +0x42410: 9 -> 0
04:50:52 +0x42414: -1 -> 0
04:50:52 +0x42420: -1 -> 0
04:50:52 +0x42424: -1 -> 0
04:50:52 +0x42428: -1 -> 0
04:50:52 +0x4242C: -1 -> 0
04:50:52 +0x42430: -1 -> 0
04:50:52 +0x42434: -1 -> 0
04:50:52 +0x42438: -1 -> 0
04:50:52 +0x4243C: -1 -> 0
04:50:52 +0x42440: 9 -> 0
04:50:52 +0x42444: -1 -> 0
04:50:52 +0x42450: -1 -> 0
04:50:52 +0x42454: -1 -> 0
04:50:52 +0x42458: -1 -> 0
04:50:52 +0x4245C: -1 -> 0
04:50:52 +0x42460: -1 -> 0
04:50:52 +0x42464: -1 -> 0
04:50:52 +0x42468: -1 -> 0
04:50:52 +0x4246C: -1 -> 0
04:50:52 +0x42470: 9 -> 0
04:50:52 +0x42474: -1 -> 0
04:50:52 +0x42480: -1 -> 0
04:50:52 +0x42484: -1 -> 0
04:50:52 +0x42488: -1 -> 0
04:50:52 +0x4248C: -1 -> 0
04:50:52 +0x42490: -1 -> 0
04:50:52 +0x42494: -1 -> 0
04:50:52 +0x42498: -1 -> 0
04:50:52 +0x4249C: -1 -> 0
04:50:52 +0x424A0: 9 -> 0
04:50:52 +0x424A4: -1 -> 0
04:50:52 +0x424B0: -1 -> 0
04:50:52 +0x424B4: -1 -> 0
04:50:52 +0x424B8: -1 -> 0
04:50:52 +0x424BC: -1 -> 0
04:50:52 +0x424C0: -1 -> 0
04:50:52 +0x424C4: -1 -> 0
04:50:52 +0x424C8: -1 -> 0
04:50:52 +0x424CC: -1 -> 0
04:50:52 +0x424D0: 9 -> 0
04:50:52 +0x424D4: -1 -> 0
04:50:52 +0x424E0: -1 -> 0
04:50:52 +0x424E4: -1 -> 0
04:50:52 +0x424E8: -1 -> 0
04:50:52 +0x424EC: -1 -> 0
04:50:52 +0x424F0: -1 -> 0
04:50:52 +0x424F4: -1 -> 0
04:50:52 +0x424F8: -1 -> 0
04:50:52 +0x424FC: -1 -> 0
04:50:52 +0x42500: 9 -> 0
04:50:52 +0x42504: -1 -> 0
04:50:52 +0x42510: -1 -> 0
04:50:52 +0x42514: -1 -> 0
04:50:52 +0x42518: -1 -> 0
04:50:52 +0x4251C: -1 -> 0
04:50:52 +0x42520: -1 -> 0
04:50:52 +0x42524: -1 -> 0
04:50:52 +0x42528: -1 -> 0
04:50:52 +0x4252C: -1 -> 0
04:50:52 +0x42530: 9 -> 0
04:50:52 +0x42534: -1 -> 0
04:50:52 +0x42540: -1 -> 0
04:50:52 +0x42544: -1 -> 0
04:50:52 +0x42548: -1 -> 0
04:50:52 +0x4254C: -1 -> 0
04:50:52 +0x42550: -1 -> 0
04:50:52 +0x42554: -1 -> 0
04:50:52 +0x42558: -1 -> 0
04:50:52 +0x4255C: -1 -> 0
04:50:52 +0x42560: 9 -> 0
04:50:52 +0x42564: -1 -> 0
04:50:52 +0x42570: -1 -> 0
04:50:52 +0x42574: -1 -> 0
04:50:52 +0x42578: -1 -> 0
04:50:52 +0x4257C: -1 -> 0
04:50:52 +0x42580: -1 -> 0
04:50:52 +0x42584: -1 -> 0
04:50:52 +0x42588: -1 -> 0
04:50:52 +0x4258C: -1 -> 0
04:50:52 +0x42590: 9 -> 0
04:50:52 +0x42594: -1 -> 0
04:50:52 +0x425A0: -1 -> 0
04:50:52 +0x425A4: -1 -> 0
04:50:52 +0x425A8: -1 -> 0
04:50:52 +0x425AC: -1 -> 0
04:50:52 +0x425B0: -1 -> 0
04:50:52 +0x425B4: -1 -> 0
04:50:52 +0x425B8: -1 -> 0
04:50:52 +0x425BC: -1 -> 0
04:50:52 +0x425C0: 9 -> 0
04:50:52 +0x425C4: -1 -> 0
04:50:52 +0x425D0: -1 -> 0
04:50:52 +0x425D4: -1 -> 0
04:50:52 +0x425D8: -1 -> 0
04:50:52 +0x425DC: -1 -> 0
04:50:52 +0x425E0: -1 -> 0
04:50:52 +0x425E4: -1 -> 0
04:50:52 +0x425E8: -1 -> 0
04:50:52 +0x425EC: -1 -> 0
04:50:52 +0x425F0: 9 -> 0
04:50:52 +0x425F4: -1 -> 0
04:50:52 +0x42600: -1 -> 0
04:50:52 +0x42604: -1 -> 0
04:50:52 +0x42608: -1 -> 0
04:50:52 +0x4260C: -1 -> 0
04:50:52 +0x42610: -1 -> 0
04:50:52 +0x42614: -1 -> 0
04:50:52 +0x42618: -1 -> 0
04:50:52 +0x4261C: -1 -> 0
04:50:52 +0x42620: 9 -> 0
04:50:52 +0x42624: -1 -> 0
04:50:52 +0x42630: -1 -> 0
04:50:52 +0x42634: -1 -> 0
04:50:52 +0x42638: -1 -> 0
04:50:52 +0x4263C: -1 -> 0
04:50:52 +0x42640: -1 -> 0
04:50:52 +0x42644: -1 -> 0
04:50:52 +0x42648: -1 -> 0
04:50:52 +0x4264C: -1 -> 0
04:50:52 +0x42650: 9 -> 0
04:50:52 +0x42654: -1 -> 0
04:50:52 +0x42660: -1 -> 0
04:50:52 +0x42664: -1 -> 0
04:50:52 +0x42668: -1 -> 0
04:50:52 +0x4266C: -1 -> 0
04:50:52 +0x42670: -1 -> 0
04:50:52 +0x42674: -1 -> 0
04:50:52 +0x42678: -1 -> 0
04:50:52 +0x4267C: -1 -> 0
04:50:52 +0x42680: 9 -> 0
04:50:52 +0x42684: -1 -> 0
04:50:52 +0x42690: -1 -> 0
04:50:52 +0x42694: -1 -> 0
04:50:52 +0x42698: -1 -> 0
04:50:52 +0x4269C: -1 -> 0
04:50:52 +0x426A0: -1 -> 0
04:50:52 +0x426A4: -1 -> 0
04:50:52 +0x426A8: -1 -> 0
04:50:52 +0x426AC: -1 -> 0
04:50:52 +0x426B0: 9 -> 0
04:50:52 +0x426B4: -1 -> 0
04:50:52 +0x426C0: -1 -> 0
04:50:52 +0x426C4: -1 -> 0
04:50:52 +0x426C8: -1 -> 0
04:50:52 +0x426CC: -1 -> 0
04:50:52 +0x426D0: -1 -> 0
04:50:52 +0x426D4: -1 -> 0
04:50:52 +0x426D8: -1 -> 0
04:50:52 +0x426DC: -1 -> 0
04:50:52 +0x426E0: 9 -> 0
04:50:52 +0x426E4: -1 -> 0
04:50:52 +0x426F0: -1 -> 0
04:50:52 +0x426F4: -1 -> 0
04:50:52 +0x426F8: -1 -> 0
04:50:52 +0x426FC: -1 -> 0
04:50:52 +0x42700: -1 -> 0
04:50:52 +0x42704: -1 -> 0
04:50:52 +0x42708: -1 -> 0
04:50:52 +0x4270C: -1 -> 0
04:50:52 +0x42710: 9 -> 0
04:50:52 +0x42714: -1 -> 0
04:50:52 +0x42720: -1 -> 0
04:50:52 +0x42724: -1 -> 0
04:50:52 +0x42728: -1 -> 0
04:50:52 +0x4272C: -1 -> 0
04:50:52 +0x42730: -1 -> 0
04:50:52 +0x42734: -1 -> 0
04:50:52 +0x42738: -1 -> 0
04:50:52 +0x4273C: -1 -> 0
04:50:52 +0x42740: 9 -> 0
04:50:52 +0x42744: -1 -> 0
04:50:52 +0x42750: -1 -> 0
04:50:52 +0x42754: -1 -> 0
04:50:52 +0x42758: -1 -> 0
04:50:52 +0x4275C: -1 -> 0
04:50:52 +0x42760: -1 -> 0
04:50:52 +0x42764: -1 -> 0
04:50:52 +0x42768: -1 -> 0
04:50:52 +0x4276C: -1 -> 0
04:50:52 +0x42770: 9 -> 0
04:50:52 +0x42774: -1 -> 0
04:50:52 +0x42780: -1 -> 0
04:50:52 +0x42784: -1 -> 0
04:50:52 +0x42788: -1 -> 0
04:50:52 +0x4278C: -1 -> 0
04:50:52 +0x42790: -1 -> 0
04:50:52 +0x42794: -1 -> 0
04:50:52 +0x42798: -1 -> 0
04:50:52 +0x4279C: -1 -> 0
04:50:52 +0x427A0: 9 -> 0
04:50:52 +0x427A4: -1 -> 0
04:50:52 +0x427B0: -1 -> 0
04:50:52 +0x427B4: -1 -> 0
04:50:52 +0x427B8: -1 -> 0
04:50:52 +0x427BC: -1 -> 0
04:50:52 +0x427C0: -1 -> 0
04:50:52 +0x427C4: -1 -> 0
04:50:52 +0x427C8: -1 -> 0
04:50:52 +0x427CC: -1 -> 0
04:50:52 +0x427D0: 9 -> 0
04:50:52 +0x427D4: -1 -> 0
04:50:52 +0x427E0: -1 -> 0
04:50:52 +0x427E4: -1 -> 0
04:50:52 +0x427E8: -1 -> 0
04:50:52 +0x427EC: -1 -> 0
04:50:52 +0x427F0: -1 -> 0
04:50:52 +0x427F4: -1 -> 0
04:50:52 +0x427F8: -1 -> 0
04:50:52 +0x427FC: -1 -> 0
04:50:52 +0x42800: 9 -> 0
04:50:52 +0x42804: -1 -> 0
04:50:52 +0x42810: -1 -> 0
04:50:52 +0x42814: -1 -> 0
04:50:52 +0x42818: -1 -> 0
04:50:52 +0x4281C: -1 -> 0
04:50:52 +0x42820: -1 -> 0
04:50:52 +0x42824: -1 -> 0
04:50:52 +0x42828: -1 -> 0
04:50:52 +0x4282C: -1 -> 0
04:50:52 +0x42830: 9 -> 0
04:50:52 +0x42834: -1 -> 0
04:50:52 +0x42840: -1 -> 0
04:50:52 +0x42844: -1 -> 0
04:50:52 +0x42848: -1 -> 0
04:50:52 +0x4284C: -1 -> 0
04:50:52 +0x42850: -1 -> 0
04:50:52 +0x42854: -1 -> 0
04:50:52 +0x42858: -1 -> 0
04:50:52 +0x4285C: -1 -> 0
04:50:52 +0x42860: 9 -> 0
04:50:52 +0x42864: -1 -> 0
04:50:52 +0x42870: -1 -> 0
04:50:52 +0x42874: -1 -> 0
04:50:52 +0x42878: -1 -> 0
04:50:52 +0x4287C: -1 -> 0
04:50:52 +0x42880: -1 -> 0
04:50:52 +0x42884: -1 -> 0
04:50:52 +0x42888: -1 -> 0
04:50:52 +0x4288C: -1 -> 0
04:50:52 +0x42890: 9 -> 0
04:50:52 +0x42894: -1 -> 0
04:50:52 +0x428A0: -1 -> 0
04:50:52 +0x428A4: -1 -> 0
04:50:52 +0x428A8: -1 -> 0
04:50:52 +0x428AC: -1 -> 0
04:50:52 +0x428B0: -1 -> 0
04:50:52 +0x428B4: -1 -> 0
04:50:52 +0x428B8: -1 -> 0
04:50:52 +0x428BC: -1 -> 0
04:50:52 +0x428C0: 9 -> 0
04:50:52 +0x428C4: -1 -> 0
04:50:52 +0x428D0: -1 -> 0
04:50:52 +0x428D4: -1 -> 0
04:50:52 +0x428D8: -1 -> 0
04:50:52 +0x428DC: -1 -> 0
04:50:52 +0x428E0: -1 -> 0
04:50:52 +0x428E4: -1 -> 0
04:50:52 +0x428E8: -1 -> 0
04:50:52 +0x428EC: -1 -> 0
04:50:52 +0x428F0: 9 -> 0
04:50:52 +0x428F4: -1 -> 0
04:50:52 +0x42900: -1 -> 0
04:50:52 +0x42904: -1 -> 0
04:50:52 +0x42908: -1 -> 0
04:50:52 +0x4290C: -1 -> 0
04:50:52 +0x42910: -1 -> 0
04:50:52 +0x42914: -1 -> 0
04:50:52 +0x42918: -1 -> 0
04:50:52 +0x4291C: -1 -> 0
04:50:52 +0x42920: 9 -> 0
04:50:52 +0x42924: -1 -> 0
04:50:52 +0x42930: -1 -> 0
04:50:52 +0x42934: -1 -> 0
04:50:52 +0x42938: -1 -> 0
04:50:52 +0x4293C: -1 -> 0
04:50:52 +0x42940: -1 -> 0
04:50:52 +0x42944: -1 -> 0
04:50:52 +0x42948: -1 -> 0
04:50:52 +0x4294C: -1 -> 0
04:50:52 +0x42950: 9 -> 0
04:50:52 +0x42954: -1 -> 0
04:50:52 +0x42960: -1 -> 0
04:50:52 +0x42964: -1 -> 0
04:50:52 +0x42968: -1 -> 0
04:50:52 +0x4296C: -1 -> 0
04:50:52 +0x42970: -1 -> 0
04:50:52 +0x42974: -1 -> 0
04:50:52 +0x42978: -1 -> 0
04:50:52 +0x4297C: -1 -> 0
04:50:52 +0x42980: 9 -> 0
04:50:52 +0x42984: -1 -> 0
04:50:52 +0x42990: -1 -> 0
04:50:52 +0x42994: -1 -> 0
04:50:52 +0x42998: -1 -> 0
04:50:52 +0x4299C: -1 -> 0
04:50:52 +0x429A0: -1 -> 0
04:50:52 +0x429A4: -1 -> 0
04:50:52 +0x429A8: -1 -> 0
04:50:52 +0x429AC: -1 -> 0
04:50:52 +0x429B0: 9 -> 0
04:50:52 +0x429B4: -1 -> 0
04:50:52 +0x429C0: -1 -> 0
04:50:52 +0x429C4: -1 -> 0
04:50:52 +0x429C8: -1 -> 0
04:50:52 +0x429CC: -1 -> 0
04:50:52 +0x429D0: -1 -> 0
04:50:52 +0x429D4: -1 -> 0
04:50:52 +0x429D8: -1 -> 0
04:50:52 +0x429DC: -1 -> 0
04:50:52 +0x429E0: 9 -> 0
04:50:52 +0x429E4: -1 -> 0
04:50:52 +0x429F0: -1 -> 0
04:50:52 +0x429F4: -1 -> 0
04:50:52 +0x429F8: -1 -> 0
04:50:52 +0x429FC: -1 -> 0
04:50:52 +0x42A00: -1 -> 0
04:50:52 +0x42A04: -1 -> 0
04:50:52 +0x42A08: -1 -> 0
04:50:52 +0x42A0C: -1 -> 0
04:50:52 +0x42A10: 9 -> 0
04:50:52 +0x42A14: -1 -> 0
04:50:52 +0x42A20: -1 -> 0
04:50:52 +0x42A24: -1 -> 0
04:50:52 +0x42A28: -1 -> 0
04:50:52 +0x42A2C: -1 -> 0
04:50:52 +0x42A30: -1 -> 0
04:50:52 +0x42A34: -1 -> 0
04:50:52 +0x42A38: -1 -> 0
04:50:52 +0x42A3C: -1 -> 0
04:50:52 +0x42A40: 9 -> 0
04:50:52 +0x42A44: -1 -> 0
04:50:52 +0x42A50: -1 -> 0
04:50:52 +0x42A54: -1 -> 0
04:50:52 +0x42A58: -1 -> 0
04:50:52 +0x42A5C: -1 -> 0
04:50:52 +0x42A60: -1 -> 0
04:50:52 +0x42A64: -1 -> 0
04:50:52 +0x42A68: -1 -> 0
04:50:52 +0x42A6C: -1 -> 0
04:50:52 +0x42A70: 9 -> 0
04:50:52 +0x42A74: -1 -> 0
04:50:52 +0x42A80: -1 -> 0
04:50:52 +0x42A84: -1 -> 0
04:50:52 +0x42A88: -1 -> 0
04:50:52 +0x42A8C: -1 -> 0
04:50:52 +0x42A90: -1 -> 0
04:50:52 +0x42A94: -1 -> 0
04:50:52 +0x42A98: -1 -> 0
04:50:52 +0x42A9C: -1 -> 0
04:50:52 +0x42AA0: 9 -> 0
04:50:52 +0x42AA4: -1 -> 0
04:50:52 +0x42AB0: -1 -> 0
04:50:52 +0x42AB4: -1 -> 0
04:50:52 +0x42AB8: -1 -> 0
04:50:52 +0x42ABC: -1 -> 0
04:50:52 +0x42AC0: -1 -> 0
04:50:52 +0x42AC4: -1 -> 0
04:50:52 +0x42AC8: -1 -> 0
04:50:52 +0x42ACC: -1 -> 0
04:50:52 +0x42AD0: 9 -> 0
04:50:52 +0x42AD4: -1 -> 0
04:50:52 +0x42AE0: -1 -> 0
04:50:52 +0x42AE4: -1 -> 0
04:50:52 +0x42AE8: -1 -> 0
04:50:52 +0x42AEC: -1 -> 0
04:50:52 +0x42AF0: -1 -> 0
04:50:52 +0x42AF4: -1 -> 0
04:50:52 +0x42AF8: -1 -> 0
04:50:52 +0x42AFC: -1 -> 0
04:50:52 +0x42B00: 9 -> 0
04:50:52 +0x42B04: -1 -> 0
04:50:52 +0x42B10: -1 -> 0
04:50:52 +0x42B14: -1 -> 0
04:50:52 +0x42B18: -1 -> 0
04:50:52 +0x42B1C: -1 -> 0
04:50:52 +0x42B20: -1 -> 0
04:50:52 +0x42B24: -1 -> 0
04:50:52 +0x42B28: -1 -> 0
04:50:52 +0x42B2C: -1 -> 0
04:50:52 +0x42B30: 9 -> 0
04:50:52 +0x42B34: -1 -> 0
04:50:52 +0x42B40: -1 -> 0
04:50:52 +0x42B44: -1 -> 0
04:50:52 +0x42B48: -1 -> 0
04:50:52 +0x42B4C: -1 -> 0
04:50:52 +0x42B50: -1 -> 0
04:50:52 +0x42B54: -1 -> 0
04:50:52 +0x42B58: -1 -> 0
04:50:52 +0x42B5C: -1 -> 0
04:50:52 +0x42B60: 9 -> 0
04:50:52 +0x42B64: -1 -> 0
04:50:52 +0x42B70: -1 -> 0
04:50:52 +0x42B74: -1 -> 0
04:50:52 +0x42B78: -1 -> 0
04:50:52 +0x42B7C: -1 -> 0
04:50:52 +0x42B80: -1 -> 0
04:50:52 +0x42B84: -1 -> 0
04:50:52 +0x42B88: -1 -> 0
04:50:52 +0x42B8C: -1 -> 0
04:50:52 +0x42B90: 9 -> 0
04:50:52 +0x42B94: -1 -> 0
04:50:52 +0x42BA0: -1 -> 0
04:50:52 +0x42BA4: -1 -> 0
04:50:52 +0x42BA8: -1 -> 0
04:50:52 +0x42BAC: -1 -> 0
04:50:52 +0x42BB0: -1 -> 0
04:50:52 +0x42BB4: -1 -> 0
04:50:52 +0x42BB8: -1 -> 0
04:50:52 +0x42BBC: -1 -> 0
04:50:52 +0x42BC0: 9 -> 0
04:50:52 +0x42BC4: -1 -> 0
04:50:52 +0x42BD0: -1 -> 0
04:50:52 +0x42BD4: -1 -> 0
04:50:52 +0x42BD8: -1 -> 0
04:50:52 +0x42BDC: -1 -> 0
04:50:52 +0x42BE0: -1 -> 0
04:50:52 +0x42BE4: -1 -> 0
04:50:52 +0x42BE8: -1 -> 0
04:50:52 +0x42BEC: -1 -> 0
04:50:52 +0x42BF0: 9 -> 0
04:50:52 +0x42BF4: -1 -> 0
04:50:52 +0x42C00: -1 -> 0
04:50:52 +0x42C04: -1 -> 0
04:50:52 +0x42C08: -1 -> 0
04:50:52 +0x42C0C: -1 -> 0
04:50:52 +0x42C10: -1 -> 0
04:50:52 +0x42C14: -1 -> 0
04:50:52 +0x42C18: -1 -> 0
04:50:52 +0x42C1C: -1 -> 0
04:50:52 +0x42C20: 9 -> 0
04:50:52 +0x42C24: -1 -> 0
04:50:52 +0x42C30: -1 -> 0
04:50:52 +0x42C34: -1 -> 0
04:50:52 +0x42C38: -1 -> 0
04:50:52 +0x42C3C: -1 -> 0
04:50:52 +0x42C40: -1 -> 0
04:50:52 +0x42C44: -1 -> 0
04:50:52 +0x42C48: -1 -> 0
04:50:52 +0x42C4C: -1 -> 0
04:50:52 +0x42C50: 9 -> 0
04:50:52 +0x42C54: -1 -> 0
04:50:52 +0x42C60: -1 -> 0
04:50:52 +0x42C64: -1 -> 0
04:50:52 +0x42C68: -1 -> 0
04:50:52 +0x42C6C: -1 -> 0
04:50:52 +0x42C70: -1 -> 0
04:50:52 +0x42C74: -1 -> 0
04:50:52 +0x42C78: -1 -> 0
04:50:52 +0x42C7C: -1 -> 0
04:50:52 +0x42C80: 9 -> 0
04:50:52 +0x42C84: -1 -> 0
04:50:52 +0x42C90: -1 -> 0
04:50:52 +0x42C94: -1 -> 0
04:50:52 +0x42C98: -1 -> 0
04:50:52 +0x42C9C: -1 -> 0
04:50:52 +0x42CA0: -1 -> 0
04:50:52 +0x42CA4: -1 -> 0
04:50:52 +0x42CA8: -1 -> 0
04:50:52 +0x42CAC: -1 -> 0
04:50:52 +0x42CB0: 9 -> 0
04:50:52 +0x42CB4: -1 -> 0
04:50:52 +0x42CC0: -1 -> 0
04:50:52 +0x42CC4: -1 -> 0
04:50:52 +0x42CC8: -1 -> 0
04:50:52 +0x42CCC: -1 -> 0
04:50:52 +0x42CD0: -1 -> 0
04:50:52 +0x42CD4: -1 -> 0
04:50:52 +0x42CD8: -1 -> 0
04:50:52 +0x42CDC: -1 -> 0
04:50:52 +0x42CE0: 9 -> 0
04:50:52 +0x42CE4: -1 -> 0
04:50:52 +0x42CF0: -1 -> 0
04:50:52 +0x42CF4: -1 -> 0
04:50:52 +0x42CF8: -1 -> 0
04:50:52 +0x42CFC: -1 -> 0
04:50:52 +0x42D00: -1 -> 0
04:50:52 +0x42D04: -1 -> 0
04:50:52 +0x42D08: -1 -> 0
04:50:52 +0x42D0C: -1 -> 0
04:50:52 +0x42D10: 9 -> 0
04:50:52 +0x42D14: -1 -> 0
04:50:52 +0x42D20: -1 -> 0
04:50:52 +0x42D24: -1 -> 0
04:50:52 +0x42D28: -1 -> 0
04:50:52 +0x42D2C: -1 -> 0
04:50:52 +0x42D30: -1 -> 0
04:50:52 +0x42D34: -1 -> 0
04:50:52 +0x42D38: -1 -> 0
04:50:52 +0x42D3C: -1 -> 0
04:50:52 +0x42D40: 9 -> 0
04:50:52 +0x42D44: -1 -> 0
04:50:52 +0x42D50: -1 -> 0
04:50:52 +0x42D54: -1 -> 0
04:50:52 +0x42D58: -1 -> 0
04:50:52 +0x42D5C: -1 -> 0
04:50:52 +0x42D60: -1 -> 0
04:50:52 +0x42D64: -1 -> 0
04:50:52 +0x42D68: -1 -> 0
04:50:52 +0x42D6C: -1 -> 0
04:50:52 +0x42D70: 9 -> 0
04:50:52 +0x42D74: -1 -> 0
04:50:52 +0x42D80: -1 -> 0
04:50:52 +0x42D84: -1 -> 0
04:50:52 +0x42D88: -1 -> 0
04:50:52 +0x42D8C: -1 -> 0
04:50:52 +0x42D90: -1 -> 0
04:50:52 +0x42D94: -1 -> 0
04:50:52 +0x42D98: -1 -> 0
04:50:52 +0x42D9C: -1 -> 0
04:50:52 +0x42F50: 294912 -> 0
04:50:52 +0x42F54: 262144 -> 0
04:50:52 +0x42FB4: 8 -> 0
04:50:52 +0x42FB8: 3932160 -> 0
04:50:52 +0x42FC0: 16 -> 0
04:50:52 +0x42FD0: -318767104 -> 0
04:50:52 +0x42FD4: 65822 -> 0
04:50:52 +0x42FD8: 935456768 -> 0
04:50:52 +0x42FDC: 134217751 -> 0
04:50:52 +0x42FE0: 2 -> 0
04:50:52 +0x43050: 92039935 -> 0
04:50:52 +0x43054: 141557760 -> 0
04:50:52 +0x43060: 16777216 -> 0
04:50:52 +0x4307C: 2815 -> 0
04:50:52 +0x430D0: -268435456 -> 0
04:50:52 +0x430D4: 2067767295 -> 0
04:50:52 +0x430D8: 1910505470 -> 0
04:50:52 +0x430DC: 7 -> 0
04:50:52 +0x431C0: -1073742080 -> 0
04:50:52 +0x431C4: 3 -> 0
04:50:52 +0x431CC: -1073775616 -> 0
04:50:52 +0x431D0: 31 -> 0
04:50:52 +0x431D8: -4259840 -> 0
04:50:52 +0x431DC: -75493377 -> 0
04:50:52 +0x431E0: -334389001 -> 0
04:50:52 +0x431E4: 157726 -> 0
04:50:52 +0x4325C: 8 -> 0
04:50:52 +0x432B8: -16777216 -> 0
04:50:52 +0x432BC: -1149108241 -> 0
04:50:52 +0x432C0: -497090731 -> 0
04:50:52 +0x432C4: 175 -> 0
04:50:52 +0x4333C: 7864320 -> 0
04:50:52 +0x43340: 393216 -> 0
04:50:52 +0x43344: 33554528 -> 0
04:50:52 +0x43348: 25165824 -> 0
04:50:52 +0x4335C: 3473408 -> 0
04:50:52 +0x434BC: 4096 -> 0
04:50:52 +0x434C8: 4 -> 0
04:50:52 +0x43754: 66560 -> 0
04:50:52 +0x4375C: 257 -> 0
04:50:52 +0x4378C: 2129921 -> 0
04:50:52 +0x43790: 1 -> 0
04:50:52 +0x4382C: 9 -> 0
04:50:52 +0x43830: 1 -> 0
04:50:52 +0x43AE4: 13 -> 0
04:50:52 +0x43AE8: 48 -> 0
04:50:52 +0x43B6C: 15 -> 0
04:50:52 +0x43B70: 9 -> 0
04:50:52 +0x43D34: 7 -> 0
04:50:52 +0x43D38: 4 -> 0
04:50:52 +0x43D64: 7 -> 0
04:50:52 +0x43D68: 4 -> 0
04:50:52 +0x43F24: 8205 -> 0
04:50:52 +0x43F28: 1 -> 0
04:50:52 +0x43F64: 2129921 -> 0
04:50:52 +0x43F68: 1 -> 0
04:50:52 +0x43F6C: 2129921 -> 0
04:50:52 +0x43F70: 1 -> 0
04:50:52 +0x44144: 7 -> 0
04:50:52 +0x44148: 4 -> 0
04:50:52 +0x4417C: 16387 -> 0
04:50:52 +0x44180: 1 -> 0
04:50:52 +0x441AC: 8205 -> 0
04:50:52 +0x441B0: 7 -> 0
04:50:52 +0x4428C: 7 -> 0
04:50:52 +0x44290: 4 -> 0
04:50:52 +0x4442C: 2129921 -> 0
04:50:52 +0x44430: 1 -> 0
04:50:52 +0x444C4: 3 -> 0
04:50:52 +0x444C8: 3 -> 0
04:50:52 +0x446DC: 13 -> 0
04:50:52 +0x446E0: 2 -> 0
04:50:52 +0x4477C: 13 -> 0
04:50:52 +0x44780: 18 -> 0
04:50:52 +0x44884: 13 -> 0
04:50:52 +0x44888: 12 -> 0
04:50:52 +0x449F4: 9 -> 0
04:50:52 +0x449F8: 5 -> 0
04:50:52 +0x44ABC: 15 -> 0
04:50:52 +0x44AC0: 1 -> 0
04:50:52 +0x44CA4: 32801 -> 0
04:50:52 +0x44CA8: 6 -> 0
04:50:52 +0x44DEC: 11 -> 0
04:50:52 +0x44DF0: 16 -> 0
04:50:52 +0x44F44: 11 -> 0
04:50:52 +0x44F48: 3 -> 0
04:50:52 +0x450FC: 16395 -> 0
04:50:52 +0x45100: 27 -> 0
04:50:52 +0x4521C: 2129921 -> 0
04:50:52 +0x45220: 1 -> 0
04:50:52 +0x4536C: 7 -> 0
04:50:52 +0x45370: 4 -> 0
04:50:52 +0x4544C: 2129921 -> 0
04:50:52 +0x45450: 1 -> 0
04:50:52 +0x456A4: 29 -> 0
04:50:52 +0x456A8: -1 -> 0
04:50:52 +0x456AC: -1 -> 0
04:50:52 +0x456B0: -1 -> 0
04:50:52 +0x456B4: -1 -> 0
04:50:52 +0x456B8: -1 -> 0
04:50:52 +0x456BC: -1 -> 0
04:50:52 +0x456C0: -1 -> 0
04:50:52 +0x4572C: 1210 -> 0
04:50:52 +0x4574C: 3062 -> 0
04:50:52 +0x4576C: 1696 -> 0
04:50:52 +0x45B2C: 3 -> 0
04:50:52 +0x45B30: 10004 -> 0
04:50:52 +0x45B34: 3 -> 0
04:50:52 +0x45B3C: 4 -> 0
04:50:52 +0x45B40: 10001 -> 0
04:50:52 +0x45B44: 3 -> 0
04:50:52 +0x45B4C: 3 -> 0
04:50:52 +0x45B50: 10005 -> 0
04:50:52 +0x45B54: 3 -> 0
04:50:52 +0x45B5C: 2 -> 0
04:50:52 +0x45B60: 13013 -> 0
04:50:52 +0x45B64: 3 -> 0
04:50:52 +0x45B6C: 2 -> 0
04:50:52 +0x45B70: 13012 -> 0
04:50:52 +0x45B74: 3 -> 0
04:50:52 +0x45B7C: 3 -> 0
04:50:52 +0x45B80: 10006 -> 0
04:50:52 +0x45B84: 3 -> 0
04:50:52 +0x45B8C: 3 -> 0
04:50:52 +0x45B90: 10007 -> 0
04:50:52 +0x45B94: 3 -> 0
04:50:52 +0x45B9C: 3 -> 0
04:50:52 +0x45BA0: 13008 -> 0
04:50:52 +0x45BA4: 3 -> 0
04:50:52 +0x45BAC: 5 -> 0
04:50:52 +0x45BB0: 12004 -> 0
04:50:52 +0x45BB4: 3 -> 0
04:50:52 +0x45BBC: 1 -> 0
04:50:52 +0x45BC0: 13018 -> 0
04:50:52 +0x45BC4: 2 -> 0
04:50:52 +0x45BCC: 5 -> 0
04:50:52 +0x45BD0: 12005 -> 0
04:50:52 +0x45BD4: 2 -> 0
04:50:52 +0x45BDC: 5 -> 0
04:50:52 +0x45BE0: 13002 -> 0
04:50:52 +0x45BE4: 2 -> 0
04:50:52 +0x45BEC: 3 -> 0
04:50:52 +0x45BF0: 10010 -> 0
04:50:52 +0x45BF4: 2 -> 0
04:50:52 +0x45BFC: 5 -> 0
04:50:52 +0x45C00: 13001 -> 0
04:50:52 +0x45C04: 2 -> 0
04:50:52 +0x45C0C: 3 -> 0
04:50:52 +0x45C10: 10011 -> 0
04:50:52 +0x45C14: 2 -> 0
04:50:52 +0x45C1C: 1 -> 0
04:50:52 +0x45C20: 10002 -> 0
04:50:52 +0x45C24: 2 -> 0
04:50:52 +0x45C2C: 1 -> 0
04:50:52 +0x45C30: 10003 -> 0
04:50:52 +0x45C3C: 1 -> 0
04:50:52 +0x45C40: 10008 -> 0
04:50:52 +0x45C4C: 1 -> 0
04:50:52 +0x45C50: 10009 -> 0
04:50:52 +0x45C5C: 1 -> 0
04:50:52 +0x45C60: 10012 -> 0
04:50:52 +0x45C6C: 1 -> 0
04:50:52 +0x45C70: 11001 -> 0
04:50:52 +0x45C7C: 1 -> 0
04:50:52 +0x45C80: 11002 -> 0
04:50:52 +0x45C8C: 1 -> 0
04:50:52 +0x45C90: 11003 -> 0
04:50:52 +0x45C9C: 1 -> 0
04:50:52 +0x45CA0: 11004 -> 0
04:50:52 +0x45CAC: 1 -> 0
04:50:52 +0x45CB0: 11005 -> 0
04:50:52 +0x45CBC: 1 -> 0
04:50:52 +0x45CC0: 11006 -> 0
04:50:52 +0x45CCC: 1 -> 0
04:50:52 +0x45CD0: 11007 -> 0
04:50:52 +0x45CDC: 1 -> 0
04:50:52 +0x45CE0: 12001 -> 0
04:50:52 +0x45CEC: 1 -> 0
04:50:52 +0x45CF0: 12002 -> 0
04:50:52 +0x45CF4: 3 -> 0
04:50:52 +0x45CFC: 1 -> 0
04:50:52 +0x45D00: 12003 -> 0
04:50:52 +0x45D0C: 1 -> 0
04:50:52 +0x45D10: 12006 -> 0
04:50:52 +0x45D1C: 1 -> 0
04:50:52 +0x45D20: 11008 -> 0
04:50:52 +0x45D2C: 1 -> 0
04:50:52 +0x45D30: 13003 -> 0
04:50:52 +0x45D3C: 1 -> 0
04:50:52 +0x45D40: 13004 -> 0
04:50:52 +0x45D4C: 1 -> 0
04:50:52 +0x45D50: 13005 -> 0
04:50:52 +0x45D5C: 1 -> 0
04:50:52 +0x45D60: 13006 -> 0
04:50:52 +0x45D6C: 1 -> 0
04:50:52 +0x45D70: 13007 -> 0
04:50:52 +0x45D7C: 1 -> 0
04:50:52 +0x45D80: 13009 -> 0
04:50:52 +0x45D8C: 1 -> 0
04:50:52 +0x45D90: 13010 -> 0
04:50:52 +0x45D9C: 1 -> 0
04:50:52 +0x45DA0: 13011 -> 0
04:50:52 +0x45DAC: 1 -> 0
04:50:52 +0x45DB0: 13014 -> 0
04:50:52 +0x45DBC: 1 -> 0
04:50:52 +0x45DC0: 13015 -> 0
04:50:52 +0x45DCC: 1 -> 0
04:50:52 +0x45DD0: 13016 -> 0
04:50:52 +0x45DDC: 1 -> 0
04:50:52 +0x45DE0: 13017 -> 0
04:50:52 +0x45DEC: 1 -> 0
04:50:52 +0x45DF0: 14001 -> 0
04:50:52 +0x45DFC: 1 -> 0
04:50:52 +0x45E00: 14002 -> 0
04:50:52 +0x45E0C: 1 -> 0
04:50:52 +0x45E10: 14003 -> 0
04:50:52 +0x45E14: 2 -> 0
04:50:52 +0x45E1C: 1 -> 0
04:50:52 +0x45E20: 14004 -> 0
04:50:52 +0x45E2C: 1 -> 0
04:50:52 +0x45E30: 14005 -> 0
04:50:52 +0x45E3C: 1 -> 0
04:50:52 +0x45E40: 14006 -> 0
04:50:52 +0x45E4C: 1 -> 0
04:50:52 +0x45E50: 14007 -> 0
04:50:52 +0x45E54: 2 -> 0
04:50:52 +0x45E5C: 1 -> 0
04:50:52 +0x45E60: 14008 -> 0
04:50:52 +0x45E64: 2 -> 0
04:50:52 +0x45E6C: 1 -> 0
04:50:52 +0x45E70: 14009 -> 0
04:50:52 +0x45E74: 2 -> 0
04:50:52 +0x45E7C: 1 -> 0
04:50:52 +0x45E80: 14010 -> 0
04:50:52 +0x46610: 2 -> 0
04:50:52 +0x46660: 24 -> 0
04:50:52 +0x46674: 8 -> 0
04:50:52 +0x46680: 8 -> 0
04:50:52 +0x4670C: 8 -> 0
04:50:52 +0x46740: 8 -> 0
04:50:52 +0x4679C: 16 -> 0
04:50:52 +0x467B4: 8 -> 0
04:50:52 +0x467BC: 14 -> 0
04:50:52 +0x467E0: 8 -> 0
04:50:52 +0x46800: 14 -> 0
04:50:52 +0x46840: 8 -> 0
04:50:52 +0x468A8: 8 -> 0
04:50:52 +0x468AC: 8 -> 0
04:50:52 +0x468C0: 8 -> 0
04:50:52 +0x468E4: 8 -> 0
04:50:52 +0x468FC: 8 -> 0
04:50:52 +0x4690C: 8 -> 0
04:50:52 +0x46948: 8 -> 0
04:50:52 +0x46978: 8 -> 0
04:50:52 +0x469AC: 8 -> 0
04:50:52 +0x469B8: 8 -> 0
04:50:52 +0x469DC: 4 -> 0
04:50:52 +0x469FC: 2 -> 0
04:50:52 +0x46A00: 2 -> 0
04:50:52 +0x46A54: 8 -> 0
04:50:52 +0x46ABC: 8 -> 0
04:50:52 +0x46AC0: 8 -> 0
04:50:52 +0x46AEC: 8 -> 0
04:50:52 +0x46B08: 8 -> 0
04:50:52 +0x46B20: 20 -> 0
04:50:52 +0x46B80: 8 -> 0
04:50:52 +0x46B90: 8 -> 0
04:50:52 +0x46B9C: 8 -> 0
04:50:52 +0x46C10: 8 -> 0
04:50:52 +0x46C60: 2 -> 0
04:50:52 +0x46CA0: 8 -> 0
04:50:52 +0x46CAC: 8 -> 0
04:50:52 +0x46CC8: 8 -> 0
04:50:52 +0x46CCC: 8 -> 0
04:50:52 +0x46D78: 8 -> 0
04:50:52 +0x46D88: 8 -> 0
04:50:52 +0x46DB8: 18 -> 0
04:50:52 +0x46DBC: 8 -> 0
04:50:52 +0x46E08: 2 -> 0
04:50:52 +0x46E34: 8 -> 0
04:50:52 +0x46E8C: 20 -> 0
04:50:52 +0x46F10: 8 -> 0
04:50:52 +0x46F44: 22 -> 0
04:50:52 +0x46F70: 16 -> 0
04:50:52 +0x46F84: 8 -> 0
04:50:52 +0x46FA8: 8 -> 0
04:50:52 +0x47034: 8 -> 0
04:50:52 +0x4709C: 2 -> 0
04:50:52 +0x4713C: 8 -> 0
04:50:52 +0x47140: 8 -> 0
04:50:52 +0x47168: 8 -> 0
04:50:52 +0x471A8: 8 -> 0
04:50:52 +0x471C4: 8 -> 0
04:50:52 +0x471EC: 8 -> 0
04:50:52 +0x47258: 8 -> 0
04:50:52 +0x47270: 8 -> 0
04:50:52 +0x47278: 8 -> 0
04:50:52 +0x472C0: 16 -> 0
04:50:52 +0x472C8: 8 -> 0
04:50:52 +0x47358: 2 -> 0
04:50:52 +0x47360: 8 -> 0
04:50:52 +0x47364: 8 -> 0
04:50:52 +0x47398: 8 -> 0
04:50:52 +0x473B8: 8 -> 0
04:50:52 +0x47400: 8 -> 0
04:50:52 +0x47434: 8 -> 0
04:50:52 +0x47438: 8 -> 0
04:50:52 +0x47470: 2 -> 0
04:50:52 +0x47478: 8 -> 0
04:50:52 +0x474D0: 8 -> 0
04:50:52 +0x47518: 8 -> 0
04:50:52 +0x4759C: 33686018 -> 0
04:50:52 +0x475A0: 33686018 -> 0
04:50:52 +0x475A4: 33554944 -> 0
04:50:52 +0x475BC: 16713025 -> 0
04:50:52 +0x475C0: 2147483647 -> 0
04:50:52 +0x475C4: 2147483647 -> 0
04:50:52 +0x475C8: 2147483647 -> 0
04:50:52 +0x475CC: 2147483647 -> 0
04:50:52 +0x475D0: 151587081 -> 0
04:50:52 +0x475D4: 151587081 -> 0
04:50:52 +0x475D8: 151587081 -> 0
04:50:52 +0x475DC: 2147483647 -> 0
04:50:52 +0x475E0: 592137 -> 0
04:50:52 +0x475EC: 16713025 -> 0
04:50:52 +0x475F0: 2147483647 -> 0
04:50:52 +0x475F4: 2147483647 -> 0
04:50:52 +0x475F8: 2147483647 -> 0
04:50:52 +0x475FC: 2147483647 -> 0
04:50:52 +0x47600: 151587081 -> 0
04:50:52 +0x47604: 151587081 -> 0
04:50:52 +0x47608: 151587081 -> 0
04:50:52 +0x4760C: 2147483647 -> 0
04:50:52 +0x47610: 592137 -> 0
04:50:52 +0x4761C: 16713025 -> 0
04:50:52 +0x47620: 2147483647 -> 0
04:50:52 +0x47624: 2147483647 -> 0
04:50:52 +0x47628: 2147483647 -> 0
04:50:52 +0x4762C: 2147483647 -> 0
04:50:52 +0x47630: 151587081 -> 0
04:50:52 +0x47634: 151587081 -> 0
04:50:52 +0x47638: 151587081 -> 0
04:50:52 +0x4763C: 2147483647 -> 0
04:50:52 +0x47640: 592137 -> 0
04:50:52 +0x4764C: 16713025 -> 0
04:50:52 +0x47650: 2147483647 -> 0
04:50:52 +0x47654: 2147483647 -> 0
04:50:52 +0x47658: 2147483647 -> 0
04:50:52 +0x4765C: 2147483647 -> 0
04:50:52 +0x47660: 151587081 -> 0
04:50:52 +0x47664: 151587081 -> 0
04:50:52 +0x47668: 151587081 -> 0
04:50:52 +0x4766C: 2147483647 -> 0
04:50:52 +0x47670: 592137 -> 0
04:50:52 +0x4767C: 16713025 -> 0
04:50:52 +0x47680: 2147483647 -> 0
04:50:52 +0x47684: 2147483647 -> 0
04:50:52 +0x47688: 2147483647 -> 0
04:50:52 +0x4768C: 2147483647 -> 0
04:50:52 +0x47690: 151587081 -> 0
04:50:52 +0x47694: 151587081 -> 0
04:50:52 +0x47698: 151587081 -> 0
04:50:52 +0x4769C: 2147483647 -> 0
04:50:52 +0x476A0: 592137 -> 0
04:50:52 +0x476AC: 16713025 -> 0
04:50:52 +0x476B0: 2147483647 -> 0
04:50:52 +0x476B4: 2147483647 -> 0
04:50:52 +0x476B8: 2147483647 -> 0
04:50:52 +0x476BC: 2147483647 -> 0
04:50:52 +0x476C0: 151587081 -> 0
04:50:52 +0x476C4: 151587081 -> 0
04:50:52 +0x476C8: 151587081 -> 0
04:50:52 +0x476CC: 2147483647 -> 0
04:50:52 +0x476D0: 592137 -> 0
04:50:52 +0x476DC: 16713025 -> 0
04:50:52 +0x476E0: 2147483647 -> 0
04:50:52 +0x476E4: 2147483647 -> 0
04:50:52 +0x476E8: 2147483647 -> 0
04:50:52 +0x476EC: 2147483647 -> 0
04:50:52 +0x476F0: 151587081 -> 0
04:50:52 +0x476F4: 151587081 -> 0
04:50:52 +0x476F8: 151587081 -> 0
04:50:52 +0x476FC: 2147483647 -> 0
04:50:52 +0x47700: 592137 -> 0
04:50:52 +0x4770C: 16713025 -> 0
04:50:52 +0x47710: 2147483647 -> 0
04:50:52 +0x47714: 2147483647 -> 0
04:50:52 +0x47718: 2147483647 -> 0
04:50:52 +0x4771C: 2147483647 -> 0
04:50:52 +0x47720: 151587081 -> 0
04:50:52 +0x47724: 151587081 -> 0
04:50:52 +0x47728: 151587081 -> 0
04:50:52 +0x4772C: 2147483647 -> 0
04:50:52 +0x47730: 592137 -> 0
04:50:52 +0x4773C: 16713025 -> 0
04:50:52 +0x47740: 2147483647 -> 0
04:50:52 +0x47744: 2147483647 -> 0
04:50:52 +0x47748: 2147483647 -> 0
04:50:52 +0x4774C: 2147483647 -> 0
04:50:52 +0x47750: 151587081 -> 0
04:50:52 +0x47754: 151587081 -> 0
04:50:52 +0x47758: 151587081 -> 0
04:50:52 +0x4775C: 2147483647 -> 0
04:50:52 +0x47760: 592137 -> 0
04:50:52 +0x4776C: 16713025 -> 0
04:50:52 +0x47770: 2147483647 -> 0
04:50:52 +0x47774: 2147483647 -> 0
04:50:52 +0x47778: 2147483647 -> 0
04:50:52 +0x4777C: 2147483647 -> 0
04:50:52 +0x47780: 151587081 -> 0
04:50:52 +0x47784: 151587081 -> 0
04:50:52 +0x47788: 151587081 -> 0
04:50:52 +0x4778C: 2147483647 -> 0
04:50:52 +0x47790: 592137 -> 0
04:50:52 +0x4779C: 16713025 -> 0
04:50:52 +0x477A0: 2147483647 -> 0
04:50:52 +0x477A4: 2147483647 -> 0
04:50:52 +0x477A8: 2147483647 -> 0
04:50:52 +0x477AC: 2147483647 -> 0
04:50:52 +0x477B0: 151587081 -> 0
04:50:52 +0x477B4: 151587081 -> 0
04:50:52 +0x477B8: 151587081 -> 0
04:50:52 +0x477BC: 2147483647 -> 0
04:50:52 +0x477C0: 592137 -> 0
04:50:52 +0x477CC: 16713025 -> 0
04:50:52 +0x477D0: 2147483647 -> 0
04:50:52 +0x477D4: 2147483647 -> 0
04:50:52 +0x477D8: 2147483647 -> 0
04:50:52 +0x477DC: 2147483647 -> 0
04:50:52 +0x477E0: 151587081 -> 0
04:50:52 +0x477E4: 151587081 -> 0
04:50:52 +0x477E8: 151587081 -> 0
04:50:52 +0x477EC: 2147483647 -> 0
04:50:52 +0x477F0: 592137 -> 0
04:50:52 +0x477FC: 16713025 -> 0
04:50:52 +0x47800: 2147483647 -> 0
04:50:52 +0x47804: 2147483647 -> 0
04:50:52 +0x47808: 2147483647 -> 0
04:50:52 +0x4780C: 2147483647 -> 0
04:50:52 +0x47810: 151587081 -> 0
04:50:52 +0x47814: 151587081 -> 0
04:50:52 +0x47818: 151587081 -> 0
04:50:52 +0x4781C: 2147483647 -> 0
04:50:52 +0x47820: 592137 -> 0
04:50:52 +0x4782C: 16713025 -> 0
04:50:52 +0x47830: 2147483647 -> 0
04:50:52 +0x47834: 2147483647 -> 0
04:50:52 +0x47838: 2147483647 -> 0
04:50:52 +0x4783C: 2147483647 -> 0
04:50:52 +0x47840: 151587081 -> 0
04:50:52 +0x47844: 151587081 -> 0
04:50:52 +0x47848: 151587081 -> 0
04:50:52 +0x4784C: 2147483647 -> 0
04:50:52 +0x47850: 592137 -> 0
04:50:52 +0x4785C: 16713025 -> 0
04:50:52 +0x47860: 2147483647 -> 0
04:50:52 +0x47864: 2147483647 -> 0
04:50:52 +0x47868: 2147483647 -> 0
04:50:52 +0x4786C: 2147483647 -> 0
04:50:52 +0x47870: 151587081 -> 0
04:50:52 +0x47874: 151587081 -> 0
04:50:52 +0x47878: 151587081 -> 0
04:50:52 +0x4787C: 2147483647 -> 0
04:50:52 +0x47880: 592137 -> 0
04:50:52 +0x4788C: 16713025 -> 0
04:50:52 +0x47890: 2147483647 -> 0
04:50:52 +0x47894: 2147483647 -> 0
04:50:52 +0x47898: 2147483647 -> 0
04:50:52 +0x4789C: 2147483647 -> 0
04:50:52 +0x478A0: 151587081 -> 0
04:50:52 +0x478A4: 151587081 -> 0
04:50:52 +0x478A8: 151587081 -> 0
04:50:52 +0x478AC: 2147483647 -> 0
04:50:52 +0x478B0: 592137 -> 0
04:50:52 +0x478BC: 16713025 -> 0
04:50:52 +0x478C0: 2147483647 -> 0
04:50:52 +0x478C4: 2147483647 -> 0
04:50:52 +0x478C8: 2147483647 -> 0
04:50:52 +0x478CC: 2147483647 -> 0
04:50:52 +0x478D0: 151587081 -> 0
04:50:52 +0x478D4: 151587081 -> 0
04:50:52 +0x478D8: 151587081 -> 0
04:50:52 +0x478DC: 2147483647 -> 0
04:50:52 +0x478E0: 592137 -> 0
04:50:52 +0x478EC: 16713025 -> 0
04:50:52 +0x478F0: 2147483647 -> 0
04:50:52 +0x478F4: 2147483647 -> 0
04:50:52 +0x478F8: 2147483647 -> 0
04:50:52 +0x478FC: 2147483647 -> 0
04:50:52 +0x47900: 151587081 -> 0
04:50:52 +0x47904: 151587081 -> 0
04:50:52 +0x47908: 151587081 -> 0
04:50:52 +0x4790C: 2147483647 -> 0
04:50:52 +0x47910: 592137 -> 0
04:50:52 +0x4791C: 16713025 -> 0
04:50:52 +0x47920: 2147483647 -> 0
04:50:52 +0x47924: 2147483647 -> 0
04:50:52 +0x47928: 2147483647 -> 0
04:50:52 +0x4792C: 2147483647 -> 0
04:50:52 +0x47930: 151587081 -> 0
04:50:52 +0x47934: 151587081 -> 0
04:50:52 +0x47938: 151587081 -> 0
04:50:52 +0x4793C: 2147483647 -> 0
04:50:52 +0x47940: 592137 -> 0
04:50:52 +0x4794C: 16713025 -> 0
04:50:52 +0x47950: 2147483647 -> 0
04:50:52 +0x47954: 2147483647 -> 0
04:50:52 +0x47958: 2147483647 -> 0
04:50:52 +0x4795C: 2147483647 -> 0
04:50:52 +0x47960: 151587081 -> 0
04:50:52 +0x47964: 151587081 -> 0
04:50:52 +0x47968: 151587081 -> 0
04:50:52 +0x4796C: 2147483647 -> 0
04:50:52 +0x47970: 592137 -> 0
04:50:52 +0x4797C: 16713025 -> 0
04:50:52 +0x47980: 2147483647 -> 0
04:50:52 +0x47984: 2147483647 -> 0
04:50:52 +0x47988: 2147483647 -> 0
04:50:52 +0x4798C: 2147483647 -> 0
04:50:52 +0x47990: 151587081 -> 0
04:50:52 +0x47994: 151587081 -> 0
04:50:52 +0x47998: 151587081 -> 0
04:50:52 +0x4799C: 2147483647 -> 0
04:50:52 +0x479A0: 592137 -> 0
04:50:52 +0x479AC: 16713025 -> 0
04:50:52 +0x479B0: 2147483647 -> 0
04:50:52 +0x479B4: 2147483647 -> 0
04:50:52 +0x479B8: 2147483647 -> 0
04:50:52 +0x479BC: 2147483647 -> 0
04:50:52 +0x479C0: 151587081 -> 0
04:50:52 +0x479C4: 151587081 -> 0
04:50:52 +0x479C8: 151587081 -> 0
04:50:52 +0x479CC: 2147483647 -> 0
04:50:52 +0x479D0: 592137 -> 0
04:50:52 +0x479DC: 16713025 -> 0
04:50:52 +0x479E0: 2147483647 -> 0
04:50:52 +0x479E4: 2147483647 -> 0
04:50:52 +0x479E8: 2147483647 -> 0
04:50:52 +0x479EC: 2147483647 -> 0
04:50:52 +0x479F0: 151587081 -> 0
04:50:52 +0x479F4: 151587081 -> 0
04:50:52 +0x479F8: 151587081 -> 0
04:50:52 +0x479FC: 2147483647 -> 0
04:50:52 +0x47A00: 592137 -> 0
04:50:52 +0x47A0C: 16713025 -> 0
04:50:52 +0x47A10: 2147483647 -> 0
04:50:52 +0x47A14: 2147483647 -> 0
04:50:52 +0x47A18: 2147483647 -> 0
04:50:52 +0x47A1C: 2147483647 -> 0
04:50:52 +0x47A20: 151587081 -> 0
04:50:52 +0x47A24: 151587081 -> 0
04:50:52 +0x47A28: 151587081 -> 0
04:50:52 +0x47A2C: 2147483647 -> 0
04:50:52 +0x47A30: 592137 -> 0
04:50:52 +0x47A3C: 16713025 -> 0
04:50:52 +0x47A40: 2147483647 -> 0
04:50:52 +0x47A44: 2147483647 -> 0
04:50:52 +0x47A48: 2147483647 -> 0
04:50:52 +0x47A4C: 2147483647 -> 0
04:50:52 +0x47A50: 151587081 -> 0
04:50:52 +0x47A54: 151587081 -> 0
04:50:52 +0x47A58: 151587081 -> 0
04:50:52 +0x47A5C: 2147483647 -> 0
04:50:52 +0x47A60: 592137 -> 0
04:50:52 +0x47A6C: 16713025 -> 0
04:50:52 +0x47A70: 2147483647 -> 0
04:50:52 +0x47A74: 2147483647 -> 0
04:50:52 +0x47A78: 2147483647 -> 0
04:50:52 +0x47A7C: 2147483647 -> 0
04:50:52 +0x47A80: 151587081 -> 0
04:50:52 +0x47A84: 151587081 -> 0
04:50:52 +0x47A88: 151587081 -> 0
04:50:52 +0x47A8C: 2147483647 -> 0
04:50:52 +0x47A90: 592137 -> 0
04:50:52 +0x47A9C: 16713025 -> 0
04:50:52 +0x47AA0: 2147483647 -> 0
04:50:52 +0x47AA4: 2147483647 -> 0
04:50:52 +0x47AA8: 2147483647 -> 0
04:50:52 +0x47AAC: 2147483647 -> 0
04:50:52 +0x47AB0: 151587081 -> 0
04:50:52 +0x47AB4: 151587081 -> 0
04:50:52 +0x47AB8: 151587081 -> 0
04:50:52 +0x47ABC: 2147483647 -> 0
04:50:52 +0x47AC0: 592137 -> 0
04:50:52 +0x47ACC: 16713025 -> 0
04:50:52 +0x47AD0: 2147483647 -> 0
04:50:52 +0x47AD4: 2147483647 -> 0
04:50:52 +0x47AD8: 2147483647 -> 0
04:50:52 +0x47ADC: 2147483647 -> 0
04:50:52 +0x47AE0: 151587081 -> 0
04:50:52 +0x47AE4: 151587081 -> 0
04:50:52 +0x47AE8: 151587081 -> 0
04:50:52 +0x47AEC: 2147483647 -> 0
04:50:52 +0x47AF0: 592137 -> 0
04:50:52 +0x47AFC: 16713025 -> 0
04:50:52 +0x47B00: 2147483647 -> 0
04:50:52 +0x47B04: 2147483647 -> 0
04:50:52 +0x47B08: 2147483647 -> 0
04:50:52 +0x47B0C: 2147483647 -> 0
04:50:52 +0x47B10: 151587081 -> 0
04:50:52 +0x47B14: 151587081 -> 0
04:50:52 +0x47B18: 151587081 -> 0
04:50:52 +0x47B1C: 2147483647 -> 0
04:50:52 +0x47B20: 592137 -> 0
04:50:52 +0x47B2C: 16713025 -> 0
04:50:52 +0x47B30: 2147483647 -> 0
04:50:52 +0x47B34: 2147483647 -> 0
04:50:52 +0x47B38: 2147483647 -> 0
04:50:52 +0x47B3C: 2147483647 -> 0
04:50:52 +0x47B40: 151587081 -> 0
04:50:52 +0x47B44: 151587081 -> 0
04:50:52 +0x47B48: 151587081 -> 0
04:50:52 +0x47B4C: 2147483647 -> 0
04:50:52 +0x47B50: 592137 -> 0
04:50:52 +0x47B5C: 16713025 -> 0
04:50:52 +0x47B60: 2147483647 -> 0
04:50:52 +0x47B64: 2147483647 -> 0
04:50:52 +0x47B68: 2147483647 -> 0
04:50:52 +0x47B6C: 2147483647 -> 0
04:50:52 +0x47B70: 151587081 -> 0
04:50:52 +0x47B74: 151587081 -> 0
04:50:52 +0x47B78: 151587081 -> 0
04:50:52 +0x47B7C: 2147483647 -> 0
04:50:52 +0x47B80: 592137 -> 0
04:50:52 +0x47B8C: 16713025 -> 0
04:50:52 +0x47B90: 2147483647 -> 0
04:50:52 +0x47B94: 2147483647 -> 0
04:50:52 +0x47B98: 2147483647 -> 0
04:50:52 +0x47B9C: 2147483647 -> 0
04:50:52 +0x47BA0: 151587081 -> 0
04:50:52 +0x47BA4: 151587081 -> 0
04:50:52 +0x47BA8: 151587081 -> 0
04:50:52 +0x47BAC: 2147483647 -> 0
04:50:52 +0x47BB0: 592137 -> 0
04:50:52 +0x47BBC: 16713025 -> 0
04:50:52 +0x47BC0: 2147483647 -> 0
04:50:52 +0x47BC4: 2147483647 -> 0
04:50:52 +0x47BC8: 2147483647 -> 0
04:50:52 +0x47BCC: 2147483647 -> 0
04:50:52 +0x47BD0: 151587081 -> 0
04:50:52 +0x47BD4: 151587081 -> 0
04:50:52 +0x47BD8: 151587081 -> 0
04:50:52 +0x47BDC: 2147483647 -> 0
04:50:52 +0x47BE0: 592137 -> 0
04:50:52 +0x47BEC: 16713025 -> 0
04:50:52 +0x47BF0: 2147483647 -> 0
04:50:52 +0x47BF4: 2147483647 -> 0
04:50:52 +0x47BF8: 2147483647 -> 0
04:50:52 +0x47BFC: 2147483647 -> 0
04:50:52 +0x47C00: 151587081 -> 0
04:50:52 +0x47C04: 151587081 -> 0
04:50:52 +0x47C08: 151587081 -> 0
04:50:52 +0x47C0C: 2147483647 -> 0
04:50:52 +0x47C10: 592137 -> 0
04:50:52 +0x47C1C: 16713025 -> 0
04:50:52 +0x47C20: 2147483647 -> 0
04:50:52 +0x47C24: 2147483647 -> 0
04:50:52 +0x47C28: 2147483647 -> 0
04:50:52 +0x47C2C: 2147483647 -> 0
04:50:52 +0x47C30: 151587081 -> 0
04:50:52 +0x47C34: 151587081 -> 0
04:50:52 +0x47C38: 151587081 -> 0
04:50:52 +0x47C3C: 2147483647 -> 0
04:50:52 +0x47C40: 592137 -> 0
04:50:52 +0x47C4C: 16713025 -> 0
04:50:52 +0x47C50: 2147483647 -> 0
04:50:52 +0x47C54: 2147483647 -> 0
04:50:52 +0x47C58: 2147483647 -> 0
04:50:52 +0x47C5C: 2147483647 -> 0
04:50:52 +0x47C60: 151587081 -> 0
04:50:52 +0x47C64: 151587081 -> 0
04:50:52 +0x47C68: 151587081 -> 0
04:50:52 +0x47C6C: 2147483647 -> 0
04:50:52 +0x47C70: 592137 -> 0
04:50:52 +0x47C7C: 16713025 -> 0
04:50:52 +0x47C80: 2147483647 -> 0
04:50:52 +0x47C84: 2147483647 -> 0
04:50:52 +0x47C88: 2147483647 -> 0
04:50:52 +0x47C8C: 2147483647 -> 0
04:50:52 +0x47C90: 151587081 -> 0
04:50:52 +0x47C94: 151587081 -> 0
04:50:52 +0x47C98: 151587081 -> 0
04:50:52 +0x47C9C: 2147483647 -> 0
04:50:52 +0x47CA0: 592137 -> 0
04:50:52 +0x47CAC: 16713025 -> 0
04:50:52 +0x47CB0: 2147483647 -> 0
04:50:52 +0x47CB4: 2147483647 -> 0
04:50:52 +0x47CB8: 2147483647 -> 0
04:50:52 +0x47CBC: 2147483647 -> 0
04:50:52 +0x47CC0: 151587081 -> 0
04:50:52 +0x47CC4: 151587081 -> 0
04:50:52 +0x47CC8: 151587081 -> 0
04:50:52 +0x47CCC: 2147483647 -> 0
04:50:52 +0x47CD0: 592137 -> 0
04:50:52 +0x47CDC: 16713025 -> 0
04:50:52 +0x47CE0: 2147483647 -> 0
04:50:52 +0x47CE4: 2147483647 -> 0
04:50:52 +0x47CE8: 2147483647 -> 0
04:50:52 +0x47CEC: 2147483647 -> 0
04:50:52 +0x47CF0: 151587081 -> 0
04:50:52 +0x47CF4: 151587081 -> 0
04:50:52 +0x47CF8: 151587081 -> 0
04:50:52 +0x47CFC: 2147483647 -> 0
04:50:52 +0x47D00: 592137 -> 0
04:50:52 +0x47D0C: 16713025 -> 0
04:50:52 +0x47D10: 2147483647 -> 0
04:50:52 +0x47D14: 2147483647 -> 0
04:50:52 +0x47D18: 2147483647 -> 0
04:50:52 +0x47D1C: 2147483647 -> 0
04:50:52 +0x47D20: 151587081 -> 0
04:50:52 +0x47D24: 151587081 -> 0
04:50:52 +0x47D28: 151587081 -> 0
04:50:52 +0x47D2C: 2147483647 -> 0
04:50:52 +0x47D30: 592137 -> 0
04:50:52 +0x47D3C: 16713025 -> 0
04:50:52 +0x47D40: 2147483647 -> 0
04:50:52 +0x47D44: 2147483647 -> 0
04:50:52 +0x47D48: 2147483647 -> 0
04:50:52 +0x47D4C: 2147483647 -> 0
04:50:52 +0x47D50: 151587081 -> 0
04:50:52 +0x47D54: 151587081 -> 0
04:50:52 +0x47D58: 151587081 -> 0
04:50:52 +0x47D5C: 2147483647 -> 0
04:50:52 +0x47D60: 592137 -> 0
04:50:52 +0x47D6C: 16713025 -> 0
04:50:52 +0x47D70: 2147483647 -> 0
04:50:52 +0x47D74: 2147483647 -> 0
04:50:52 +0x47D78: 2147483647 -> 0
04:50:52 +0x47D7C: 2147483647 -> 0
04:50:52 +0x47D80: 151587081 -> 0
04:50:52 +0x47D84: 151587081 -> 0
04:50:52 +0x47D88: 151587081 -> 0
04:50:52 +0x47D8C: 2147483647 -> 0
04:50:52 +0x47D90: 592137 -> 0
04:50:52 +0x47D9C: 16713025 -> 0
04:50:52 +0x47DA0: 2147483647 -> 0
04:50:52 +0x47DA4: 2147483647 -> 0
04:50:52 +0x47DA8: 2147483647 -> 0
04:50:52 +0x47DAC: 2147483647 -> 0
04:50:52 +0x47DB0: 151587081 -> 0
04:50:52 +0x47DB4: 151587081 -> 0
04:50:52 +0x47DB8: 151587081 -> 0
04:50:52 +0x47DBC: 2147483647 -> 0
04:50:52 +0x47DC0: 592137 -> 0
04:50:52 +0x47DCC: 16713025 -> 0
04:50:52 +0x47DD0: 2147483647 -> 0
04:50:52 +0x47DD4: 2147483647 -> 0
04:50:52 +0x47DD8: 2147483647 -> 0
04:50:52 +0x47DDC: 2147483647 -> 0
04:50:52 +0x47DE0: 151587081 -> 0
04:50:52 +0x47DE4: 151587081 -> 0
04:50:52 +0x47DE8: 151587081 -> 0
04:50:52 +0x47DEC: 2147483647 -> 0
04:50:52 +0x47DF0: 592137 -> 0
04:50:52 +0x47DFC: 16713025 -> 0
04:50:52 +0x47E00: 2147483647 -> 0
04:50:52 +0x47E04: 2147483647 -> 0
04:50:52 +0x47E08: 2147483647 -> 0
04:50:52 +0x47E0C: 2147483647 -> 0
04:50:52 +0x47E10: 151587081 -> 0
04:50:52 +0x47E14: 151587081 -> 0
04:50:52 +0x47E18: 151587081 -> 0
04:50:52 +0x47E1C: 2147483647 -> 0
04:50:52 +0x47E20: 592137 -> 0
04:50:52 +0x47E2C: 16713025 -> 0
04:50:52 +0x47E30: 2147483647 -> 0
04:50:52 +0x47E34: 2147483647 -> 0
04:50:52 +0x47E38: 2147483647 -> 0
04:50:52 +0x47E3C: 2147483647 -> 0
04:50:52 +0x47E40: 151587081 -> 0
04:50:52 +0x47E44: 151587081 -> 0
04:50:52 +0x47E48: 151587081 -> 0
04:50:52 +0x47E4C: 2147483647 -> 0
04:50:52 +0x47E50: 592137 -> 0
04:50:52 +0x47E5C: 16713025 -> 0
04:50:52 +0x47E60: 2147483647 -> 0
04:50:52 +0x47E64: 2147483647 -> 0
04:50:52 +0x47E68: 2147483647 -> 0
04:50:52 +0x47E6C: 2147483647 -> 0
04:50:52 +0x47E70: 151587081 -> 0
04:50:52 +0x47E74: 151587081 -> 0
04:50:52 +0x47E78: 151587081 -> 0
04:50:52 +0x47E7C: 2147483647 -> 0
04:50:52 +0x47E80: 592137 -> 0
04:50:52 +0x47E8C: 16713025 -> 0
04:50:52 +0x47E90: 2147483647 -> 0
04:50:52 +0x47E94: 2147483647 -> 0
04:50:52 +0x47E98: 2147483647 -> 0
04:50:52 +0x47E9C: 2147483647 -> 0
04:50:52 +0x47EA0: 151587081 -> 0
04:50:52 +0x47EA4: 151587081 -> 0
04:50:52 +0x47EA8: 151587081 -> 0
04:50:52 +0x47EAC: 2147483647 -> 0
04:50:52 +0x47EB0: 592137 -> 0
04:50:52 +0x47EBC: 16713025 -> 0
04:50:52 +0x47EC0: 2147483647 -> 0
04:50:52 +0x47EC4: 2147483647 -> 0
04:50:52 +0x47EC8: 2147483647 -> 0
04:50:52 +0x47ECC: 2147483647 -> 0
04:50:52 +0x47ED0: 151587081 -> 0
04:50:52 +0x47ED4: 151587081 -> 0
04:50:52 +0x47ED8: 151587081 -> 0
04:50:52 +0x47EDC: 2147483647 -> 0
04:50:52 +0x47EE0: 592137 -> 0
04:50:52 +0x47EEC: 16713025 -> 0
04:50:52 +0x47EF0: 2147483647 -> 0
04:50:52 +0x47EF4: 2147483647 -> 0
04:50:52 +0x47EF8: 2147483647 -> 0
04:50:52 +0x47EFC: 2147483647 -> 0
04:50:52 +0x47F00: 151587081 -> 0
04:50:52 +0x47F04: 151587081 -> 0
04:50:52 +0x47F08: 151587081 -> 0
04:50:52 +0x47F0C: 2147483647 -> 0
04:50:52 +0x47F10: 592137 -> 0
04:50:52 +0x47F1C: 16713025 -> 0
04:50:52 +0x47F20: 2147483647 -> 0
04:50:52 +0x47F24: 2147483647 -> 0
04:50:52 +0x47F28: 2147483647 -> 0
04:50:52 +0x47F2C: 2147483647 -> 0
04:50:52 +0x47F30: 151587081 -> 0
04:50:52 +0x47F34: 151587081 -> 0
04:50:52 +0x47F38: 151587081 -> 0
04:50:52 +0x47F3C: 2147483647 -> 0
04:50:52 +0x47F40: 592137 -> 0
04:50:52 +0x47F4C: 16713025 -> 0
04:50:52 +0x47F50: 2147483647 -> 0
04:50:52 +0x47F54: 2147483647 -> 0
04:50:52 +0x47F58: 2147483647 -> 0
04:50:52 +0x47F5C: 2147483647 -> 0
04:50:52 +0x47F60: 151587081 -> 0
04:50:52 +0x47F64: 151587081 -> 0
04:50:52 +0x47F68: 151587081 -> 0
04:50:52 +0x47F6C: 2147483647 -> 0
04:50:52 +0x47F70: 592137 -> 0
04:50:52 +0x47F7C: 16713025 -> 0
04:50:52 +0x47F80: 2147483647 -> 0
04:50:52 +0x47F84: 2147483647 -> 0
04:50:52 +0x47F88: 2147483647 -> 0
04:50:52 +0x47F8C: 2147483647 -> 0
04:50:52 +0x47F90: 151587081 -> 0
04:50:52 +0x47F94: 151587081 -> 0
04:50:52 +0x47F98: 151587081 -> 0
04:50:52 +0x47F9C: 2147483647 -> 0
04:50:52 +0x47FA0: 592137 -> 0
04:50:52 +0x47FAC: 16713025 -> 0
04:50:52 +0x47FB0: 2147483647 -> 0
04:50:52 +0x47FB4: 2147483647 -> 0
04:50:52 +0x47FB8: 2147483647 -> 0
04:50:52 +0x47FBC: 2147483647 -> 0
04:50:52 +0x47FC0: 151587081 -> 0
04:50:52 +0x47FC4: 151587081 -> 0
04:50:52 +0x47FC8: 151587081 -> 0
04:50:52 +0x47FCC: 2147483647 -> 0
04:50:52 +0x47FD0: 592137 -> 0
04:50:52 +0x47FDC: 16713025 -> 0
04:50:52 +0x47FE0: 2147483647 -> 0
04:50:52 +0x47FE4: 2147483647 -> 0
04:50:52 +0x47FE8: 2147483647 -> 0
04:50:52 +0x47FEC: 2147483647 -> 0
04:50:52 +0x47FF0: 151587081 -> 0
04:50:52 +0x47FF4: 151587081 -> 0
04:50:52 +0x47FF8: 151587081 -> 0
04:50:52 +0x47FFC: 2147483647 -> 0
